global_step,grad_norm,loss,train/accuracy,train/loss,validation/accuracy,validation/loss,validation/num_examples,test/accuracy,test/loss,test/num_examples,score,total_duration,accumulated_submission_time,accumulated_eval_time,accumulated_logging_time,preemption_count
0,145.1882,11.130678,,,,,,,,,,,,,,
1,,,0.0009566326625645,304.05841064453125,0.0009999999310821,311.4349670410156,50000.0,0.0010000000474974,307.5975036621094,10000.0,57.211100339889526,94.7605414390564,57.211100339889526,37.54929256439209,0.0,0.0
100,85.41121,7.5702147,,,,,,,,,,,,,,
200,70.92303,7.0547514,,,,,,,,,,,,,,
300,60.026543,6.947707,,,,,,,,,,,,,,
400,49.13808,6.9775624,,,,,,,,,,,,,,
500,39.86296,6.9012003,,,,,,,,,,,,,,
600,29.709738,6.9376893,,,,,,,,,,,,,,
700,23.716465,6.8614516,,,,,,,,,,,,,,
800,18.147402,6.7812023,,,,,,,,,,,,,,
900,14.574983,6.7068377,,,,,,,,,,,,,,
1000,14.529614,6.6229067,,,,,,,,,,,,,,
1100,12.628956,6.529502,,,,,,,,,,,,,,
1200,10.937754,6.4733133,,,,,,,,,,,,,,
1300,11.817954,6.4043064,,,,,,,,,,,,,,
1400,9.600035,6.3544235,,,,,,,,,,,,,,
1490,,,0.0287388395518064,6.5671796798706055,0.0267399996519088,6.926837921142578,50000.0,0.0214000009000301,6.677508354187012,10000.0,567.4483413696289,623.0983803272247,567.4483413696289,55.56896138191223,0.0278427600860595,0.0
1500,8.505899,6.362706,,,,,,,,,,,,,,
1600,8.007139,6.2707458,,,,,,,,,,,,,,
1700,6.909844,6.1418138,,,,,,,,,,,,,,
1800,7.377534,6.0801563,,,,,,,,,,,,,,
1900,7.318582,6.004126,,,,,,,,,,,,,,
2000,6.268295,5.885912,,,,,,,,,,,,,,
2100,6.46293,5.918622,,,,,,,,,,,,,,
2200,6.74729,5.825691,,,,,,,,,,,,,,
2300,6.4130793,5.788415,,,,,,,,,,,,,,
2400,5.5942726,5.6913695,,,,,,,,,,,,,,
2500,5.249851,5.5853777,,,,,,,,,,,,,,
2600,4.944471,5.4746723,,,,,,,,,,,,,,
2700,5.1022344,5.4373116,,,,,,,,,,,,,,
2800,5.8912125,5.4298987,,,,,,,,,,,,,,
2900,5.1643453,5.3023415,,,,,,,,,,,,,,
2978,,,0.1421197354793548,4.750081062316895,0.1319999992847442,4.833083152770996,50000.0,0.0948000028729438,5.179608345031738,10000.0,1077.6202154159546,1151.5110931396484,1077.6202154159546,73.72679233551025,0.0585026741027832,0.0
3000,4.9596934,5.1920285,,,,,,,,,,,,,,
3100,5.526677,5.244024,,,,,,,,,,,,,,
3200,4.640979,5.2107325,,,,,,,,,,,,,,
3300,5.0528355,5.039343,,,,,,,,,,,,,,
3400,8.117013,5.0142574,,,,,,,,,,,,,,
3500,5.078144,4.889245,,,,,,,,,,,,,,
3600,4.388988,4.847917,,,,,,,,,,,,,,
3700,4.9716206,4.876621,,,,,,,,,,,,,,
3800,5.5237684,4.8684087,,,,,,,,,,,,,,
3900,4.1300187,4.7679315,,,,,,,,,,,,,,
4000,5.2908635,4.57185,,,,,,,,,,,,,,
4100,5.912177,4.6163764,,,,,,,,,,,,,,
4200,3.8686664,4.522811,,,,,,,,,,,,,,
4300,3.88508,4.498664,,,,,,,,,,,,,,
4400,4.3719816,4.4615917,,,,,,,,,,,,,,
4466,,,0.2832429707050323,4.424886226654053,0.2622199952602386,4.066486358642578,50000.0,0.1935000121593475,4.241984844207764,10000.0,1587.856759309769,1679.9796750545502,1587.856759309769,91.8748345375061,0.0899691581726074,0.0
4500,5.316235,4.491154,,,,,,,,,,,,,,
4600,4.7657084,4.434878,,,,,,,,,,,,,,
4700,4.4481053,4.328357,,,,,,,,,,,,,,
4800,4.8665085,4.309908,,,,,,,,,,,,,,
4900,4.6080766,4.352363,,,,,,,,,,,,,,
5000,4.083879,4.398313,,,,,,,,,,,,,,
5100,3.8353329,4.284143,,,,,,,,,,,,,,
5200,4.0976477,4.2315655,,,,,,,,,,,,,,
5300,3.2087588,4.1696367,,,,,,,,,,,,,,
5400,7.431514,4.1859612,,,,,,,,,,,,,,
5500,3.9066725,4.0719023,,,,,,,,,,,,,,
5600,4.701385,4.037614,,,,,,,,,,,,,,
5700,3.4536524,4.0900974,,,,,,,,,,,,,,
5800,5.6692696,4.124653,,,,,,,,,,,,,,
5900,3.625355,4.053014,,,,,,,,,,,,,,
5954,,,0.1208346560597419,516.0524291992188,0.1135599985718727,529.6160888671875,50000.0,0.0817000046372413,558.0404052734375,10000.0,2098.115401506424,2208.3116381168365,2098.115401506424,109.86777925491332,0.1182670593261718,0.0
6000,12.717886,4.2249846,,,,,,,,,,,,,,
6100,3.4601827,4.1363387,,,,,,,,,,,,,,
6200,3.216135,4.1736226,,,,,,,,,,,,,,
6300,2.9758599,4.0735354,,,,,,,,,,,,,,
6400,4.467753,3.8596005,,,,,,,,,,,,,,
6500,2.856923,3.8731306,,,,,,,,,,,,,,
6600,2.5943587,4.094806,,,,,,,,,,,,,,
6700,3.1173856,3.9132743,,,,,,,,,,,,,,
6800,2.9603384,3.9099169,,,,,,,,,,,,,,
6900,3.0597682,3.867868,,,,,,,,,,,,,,
7000,30.579624,3.8527348,,,,,,,,,,,,,,
7100,2.8541708,3.7886834,,,,,,,,,,,,,,
7200,7.5180693,3.8105688,,,,,,,,,,,,,,
7300,3.3223987,3.8303113,,,,,,,,,,,,,,
7400,5.126972,3.9363961,,,,,,,,,,,,,,
7441,,,0.3881337642669678,3.146275281906128,0.3623400032520294,3.254178047180176,50000.0,0.2754999995231628,3.7691612243652335,10000.0,2608.0869674682617,2736.5293855667114,2608.0869674682617,128.03360176086426,0.1464340686798095,0.0
7500,3.5539384,4.037947,,,,,,,,,,,,,,
7600,3.8015904,3.8724792,,,,,,,,,,,,,,
7700,2.397672,3.988942,,,,,,,,,,,,,,
7800,3.0198085,3.8356304,,,,,,,,,,,,,,
7900,2.758378,4.0204563,,,,,,,,,,,,,,
8000,2.9324908,4.5355306,,,,,,,,,,,,,,
8100,2.4207366,4.0645127,,,,,,,,,,,,,,
8200,2.6132805,3.7670507,,,,,,,,,,,,,,
8300,2.2256787,3.6930614,,,,,,,,,,,,,,
8400,3.530593,3.836604,,,,,,,,,,,,,,
8500,2.3127809,3.6735687,,,,,,,,,,,,,,
8600,2.6174846,3.71172,,,,,,,,,,,,,,
8700,3.788868,3.64463,,,,,,,,,,,,,,
8800,3.3164697,3.5830672,,,,,,,,,,,,,,
8900,2.5299754,3.6190975,,,,,,,,,,,,,,
8931,,,0.4598612785339355,3.992859125137329,0.4256799817085266,3.8994858264923096,50000.0,0.3226000070571899,4.554366588592529,10000.0,3118.256868839264,3265.3929069042206,3118.256868839264,146.62656116485596,0.1945292949676513,0.0
9000,8.702915,3.9146352,,,,,,,,,,,,,,
9100,4.603343,3.642278,,,,,,,,,,,,,,
9200,2.2775838,3.721231,,,,,,,,,,,,,,
9300,3.0896606,3.5298574,,,,,,,,,,,,,,
9400,7.0690947,3.4633806,,,,,,,,,,,,,,
9500,2.0827527,3.5428326,,,,,,,,,,,,,,
9600,9.821187,3.6909952,,,,,,,,,,,,,,
9700,2.4629831,3.6806912,,,,,,,,,,,,,,
9800,7.7547655,3.736723,,,,,,,,,,,,,,
9900,2.5730045,3.6768425,,,,,,,,,,,,,,
10000,3.845827,3.665709,,,,,,,,,,,,,,
10100,2.14059,3.577453,,,,,,,,,,,,,,
10200,3.789203,3.6268759,,,,,,,,,,,,,,
10300,4.0586166,3.6455371,,,,,,,,,,,,,,
10400,8.123754,3.5145245,,,,,,,,,,,,,,
10420,,,0.5305923223495483,2.099398612976074,0.4581599831581116,2.471840143203736,50000.0,0.3565000295639038,3.1601696014404297,10000.0,3628.202625513077,3797.8507809638977,3628.202625513077,169.05728793144226,0.2227344512939453,0.0
10500,14.22901,3.5602512,,,,,,,,,,,,,,
10600,2.197591,3.6910849,,,,,,,,,,,,,,
10700,2.5440598,3.6202765,,,,,,,,,,,,,,
10800,4.927903,3.6164079,,,,,,,,,,,,,,
10900,2.0575643,3.5019293,,,,,,,,,,,,,,
11000,2.9382029,3.5184903,,,,,,,,,,,,,,
11100,3.2094462,3.4628992,,,,,,,,,,,,,,
11200,11.211527,3.4943342,,,,,,,,,,,,,,
11300,3.014378,3.6190047,,,,,,,,,,,,,,
11400,3.2195706,3.3574846,,,,,,,,,,,,,,
11500,1.5700995,3.4114256,,,,,,,,,,,,,,
11600,2.039807,3.4674788,,,,,,,,,,,,,,
11700,2.073959,3.5519216,,,,,,,,,,,,,,
11800,3.8844953,3.7552402,,,,,,,,,,,,,,
11900,3.1780052,3.4920716,,,,,,,,,,,,,,
11909,,,0.5098055005073547,2.394825220108032,0.4658399820327759,2.611168146133423,50000.0,0.3541000187397003,3.3878657817840576,10000.0,4138.135902166367,4326.903267383575,4138.135902166367,188.0860047340393,0.2602260112762451,0.0
12000,2.2354798,3.5218992,,,,,,,,,,,,,,
12100,1.7280862,3.480344,,,,,,,,,,,,,,
12200,2.5618737,3.5944152,,,,,,,,,,,,,,
12300,2.6802456,3.4632735,,,,,,,,,,,,,,
12400,1.9676119,3.539186,,,,,,,,,,,,,,
12500,1.937212,3.3753753,,,,,,,,,,,,,,
12600,3.618233,3.2614295,,,,,,,,,,,,,,
12700,2.2677686,3.188048,,,,,,,,,,,,,,
12800,2.8800023,3.39731,,,,,,,,,,,,,,
12900,4.994456,3.3686242,,,,,,,,,,,,,,
13000,3.1438181,3.4631526,,,,,,,,,,,,,,
13100,15.966878,3.6053724,,,,,,,,,,,,,,
13200,1.7598281,3.8025613,,,,,,,,,,,,,,
13300,1.9783225,3.5161085,,,,,,,,,,,,,,
13399,,,0.521484375,2.1831419467926025,0.4709999859333038,2.4172728061676025,50000.0,0.364300012588501,3.087156057357788,10000.0,4648.249751567841,4855.42906665802,4648.249751567841,206.40857696533203,0.2967004776000976,0.0
13400,4.8922787,3.4321806,,,,,,,,,,,,,,
13500,2.397901,3.4282303,,,,,,,,,,,,,,
13600,2.599882,3.4449434,,,,,,,,,,,,,,
13700,3.449274,3.4293036,,,,,,,,,,,,,,
13800,5.7880917,3.513191,,,,,,,,,,,,,,
13900,4.2700295,3.4979253,,,,,,,,,,,,,,
14000,1.6266869,3.5141017,,,,,,,,,,,,,,
14100,1.4336989,3.4091265,,,,,,,,,,,,,,
14200,2.4458246,3.6446307,,,,,,,,,,,,,,
14300,2.28239,3.3948045,,,,,,,,,,,,,,
14400,1.753652,3.3818889,,,,,,,,,,,,,,
14500,1.943921,3.4384465,,,,,,,,,,,,,,
14600,16.887783,3.5101545,,,,,,,,,,,,,,
14700,2.9004083,3.4680908,,,,,,,,,,,,,,
14800,2.607334,3.3595033,,,,,,,,,,,,,,
14889,,,0.5457987785339355,2.041232109069824,0.5037800073623657,2.25096082687378,50000.0,0.3908000290393829,2.955059051513672,10000.0,5158.24190568924,5384.437373638153,5158.24190568924,225.3410758972168,0.3278043270111084,0.0
14900,1.8463827,3.2622652,,,,,,,,,,,,,,
15000,3.5298073,3.3035684,,,,,,,,,,,,,,
15100,2.6023836,3.3520176,,,,,,,,,,,,,,
15200,4.5862823,3.4205523,,,,,,,,,,,,,,
15300,5.666729,3.3648853,,,,,,,,,,,,,,
15400,2.3476748,3.3561153,,,,,,,,,,,,,,
15500,1.6171439,3.5611386,,,,,,,,,,,,,,
15600,1.9644688,3.3698187,,,,,,,,,,,,,,
15700,2.1853566,3.2794132,,,,,,,,,,,,,,
15800,2.8388524,3.2690904,,,,,,,,,,,,,,
15900,2.0342805,3.3421624,,,,,,,,,,,,,,
16000,1.8813194,3.3377316,,,,,,,,,,,,,,
16100,4.0316677,3.262728,,,,,,,,,,,,,,
16200,2.5938795,3.347391,,,,,,,,,,,,,,
16300,2.920082,3.2982585,,,,,,,,,,,,,,
16380,,,0.5593709945678711,1.9677695035934448,0.5187599658966064,2.151657819747925,50000.0,0.4038000106811523,2.832995176315308,10000.0,5668.392608642578,5912.996771812439,5668.392608642578,243.6486957073212,0.3755910396575928,0.0
16400,4.3994365,3.3082721,,,,,,,,,,,,,,
16500,2.928851,3.3363955,,,,,,,,,,,,,,
16600,4.654608,3.2600746,,,,,,,,,,,,,,
16700,2.7446568,3.261808,,,,,,,,,,,,,,
16800,2.290466,3.356789,,,,,,,,,,,,,,
16900,6.245757,3.230111,,,,,,,,,,,,,,
17000,2.3040776,3.247641,,,,,,,,,,,,,,
17100,2.4735272,3.1992555,,,,,,,,,,,,,,
17200,1.7518839,3.2168655,,,,,,,,,,,,,,
17300,2.014074,3.10591,,,,,,,,,,,,,,
17400,4.818913,3.3977518,,,,,,,,,,,,,,
17500,1.7935836,3.1940334,,,,,,,,,,,,,,
17600,7.1495166,3.260302,,,,,,,,,,,,,,
17700,2.861944,3.1827831,,,,,,,,,,,,,,
17800,2.6584675,3.4370253,,,,,,,,,,,,,,
17871,,,0.5258290767669678,2.149604082107544,0.4884800016880035,2.342292547225952,50000.0,0.3795000314712524,3.041198492050171,10000.0,6178.649327278137,6443.026793479919,6178.649327278137,263.3354094028473,0.4091565608978271,0.0
17900,1.5965889,3.3347514,,,,,,,,,,,,,,
18000,1.4604123,3.2670963,,,,,,,,,,,,,,
18100,2.3240693,3.2043037,,,,,,,,,,,,,,
18200,2.0509746,3.128172,,,,,,,,,,,,,,
18300,4.528091,3.131463,,,,,,,,,,,,,,
18400,2.5229452,3.2094977,,,,,,,,,,,,,,
18500,3.4866834,3.1258595,,,,,,,,,,,,,,
18600,1.7620951,3.1471918,,,,,,,,,,,,,,
18700,2.3487482,3.533255,,,,,,,,,,,,,,
18800,3.1317859,3.3704123,,,,,,,,,,,,,,
18900,3.2713368,3.2714374,,,,,,,,,,,,,,
19000,1.9872279,3.1242967,,,,,,,,,,,,,,
19100,3.8064039,3.162134,,,,,,,,,,,,,,
19200,1.7398694,3.147534,,,,,,,,,,,,,,
19300,2.4247441,3.1296773,,,,,,,,,,,,,,
19362,,,0.5770288705825806,1.880334496498108,0.5377599596977234,2.0758841037750244,50000.0,0.4183000326156616,2.76845121383667,10000.0,6688.654477119446,6973.481577157974,6688.654477119446,283.68165159225464,0.4587059020996094,0.0
19400,2.4876964,3.2826722,,,,,,,,,,,,,,
19500,2.110033,3.2246966,,,,,,,,,,,,,,
19600,1.6719903,3.1150978,,,,,,,,,,,,,,
19700,1.6720595,3.1910257,,,,,,,,,,,,,,
19800,2.6093378,3.1456397,,,,,,,,,,,,,,
19900,2.1282902,3.122894,,,,,,,,,,,,,,
20000,1.8274778,3.2330015,,,,,,,,,,,,,,
20100,1.6430101,3.2184782,,,,,,,,,,,,,,
20200,2.1371155,3.211544,,,,,,,,,,,,,,
20300,2.3041372,3.139127,,,,,,,,,,,,,,
20400,2.500983,3.0789464,,,,,,,,,,,,,,
20500,2.158653,3.133268,,,,,,,,,,,,,,
20600,2.3510191,3.1518488,,,,,,,,,,,,,,
20700,1.5693442,3.076069,,,,,,,,,,,,,,
20800,3.366868,3.0808573,,,,,,,,,,,,,,
20854,,,0.6276506781578064,1.6555120944976809,0.5534799695014954,2.0013997554779053,50000.0,0.4351000189781189,2.6578564643859863,10000.0,7198.85707950592,7507.980989456177,7198.85707950592,307.89321732521057,0.491114854812622,0.0
20900,2.4130266,3.0504506,,,,,,,,,,,,,,
21000,2.3476794,3.1002502,,,,,,,,,,,,,,
21100,1.6744317,3.175405,,,,,,,,,,,,,,
21200,4.245029,3.1851258,,,,,,,,,,,,,,
21300,2.0450985,3.1880996,,,,,,,,,,,,,,
21400,2.164131,3.0028055,,,,,,,,,,,,,,
21500,2.30999,3.1054962,,,,,,,,,,,,,,
21600,2.8956962,3.1341739,,,,,,,,,,,,,,
21700,3.4189715,3.0912871,,,,,,,,,,,,,,
21800,1.8233017,3.0636709,,,,,,,,,,,,,,
21900,2.3025537,3.088205,,,,,,,,,,,,,,
22000,2.3384767,3.1213212,,,,,,,,,,,,,,
22100,1.9360155,2.9996321,,,,,,,,,,,,,,
22200,3.5398688,3.0287054,,,,,,,,,,,,,,
22300,1.8137699,3.0882378,,,,,,,,,,,,,,
22347,,,0.6126434803009033,1.7121796607971191,0.5593599677085876,1.9667531251907349,50000.0,0.4415000081062317,2.631808996200561,10000.0,7708.951130867004,8042.079599380493,7708.951130867004,331.8171329498291,0.5189099311828613,0.0
22400,2.1011958,3.0301561,,,,,,,,,,,,,,
22500,1.8016608,2.9447737,,,,,,,,,,,,,,
22600,2.8570387,3.1098533,,,,,,,,,,,,,,
22700,2.1398642,3.0419269,,,,,,,,,,,,,,
22800,1.9308043,2.9392025,,,,,,,,,,,,,,
22900,3.6895916,3.0764568,,,,,,,,,,,,,,
23000,2.3322237,2.9754376,,,,,,,,,,,,,,
23100,2.516004,3.0129693,,,,,,,,,,,,,,
23200,2.6061342,3.0590942,,,,,,,,,,,,,,
23300,2.3862998,3.0445738,,,,,,,,,,,,,,
23400,3.0386412,3.041289,,,,,,,,,,,,,,
23500,2.8413997,3.0959873,,,,,,,,,,,,,,
23600,2.1120074,3.020976,,,,,,,,,,,,,,
23700,2.8850968,2.8722453,,,,,,,,,,,,,,
23800,2.1035924,2.8164773,,,,,,,,,,,,,,
23841,,,0.6150549650192261,1.7226314544677734,0.5631399750709534,1.9669442176818848,50000.0,0.4471000134944916,2.6457762718200684,10000.0,8219.172774076462,8574.859361410141,8219.172774076462,354.2937152385712,0.5473730564117432,0.0
23900,2.2180395,2.950714,,,,,,,,,,,,,,
24000,2.5437143,3.0415416,,,,,,,,,,,,,,
24100,2.4409568,3.034701,,,,,,,,,,,,,,
24200,2.2360768,2.9852273,,,,,,,,,,,,,,
24300,3.4397528,3.152258,,,,,,,,,,,,,,
24400,2.4632838,3.0296497,,,,,,,,,,,,,,
24500,3.10454,3.0322886,,,,,,,,,,,,,,
24600,2.7910705,2.9976726,,,,,,,,,,,,,,
24700,2.5182855,2.908741,,,,,,,,,,,,,,
24800,3.511655,2.9765565,,,,,,,,,,,,,,
24900,2.5134368,2.9239538,,,,,,,,,,,,,,
25000,2.4282734,3.0009193,,,,,,,,,,,,,,
25100,3.1869195,2.9592147,,,,,,,,,,,,,,
25200,2.2102823,2.8612647,,,,,,,,,,,,,,
25300,2.5440562,3.0039222,,,,,,,,,,,,,,
25335,,,0.6149553656578064,1.6942405700683594,0.5668799877166748,1.9195213317871087,50000.0,0.446800023317337,2.5950777530670166,10000.0,8729.416941642761,9107.087478876114,8729.416941642761,376.193968296051,0.5778019428253174,0.0
25400,2.2964225,2.926597,,,,,,,,,,,,,,
25500,2.8658345,2.9270985,,,,,,,,,,,,,,
25600,2.5928364,2.8012257,,,,,,,,,,,,,,
25700,2.3883953,2.9513555,,,,,,,,,,,,,,
25800,3.2175183,2.8972893,,,,,,,,,,,,,,
25900,2.7232935,2.9890606,,,,,,,,,,,,,,
26000,2.2854774,2.9872916,,,,,,,,,,,,,,
26100,2.234486,3.0659554,,,,,,,,,,,,,,
26200,2.6612844,2.9673579,,,,,,,,,,,,,,
26300,2.8238788,2.9653096,,,,,,,,,,,,,,
26400,3.0362895,3.0046945,,,,,,,,,,,,,,
26500,2.3048184,3.0194929,,,,,,,,,,,,,,
26600,2.12229,3.0433939,,,,,,,,,,,,,,
26700,2.4310157,2.9475656,,,,,,,,,,,,,,
26800,2.707563,2.965259,,,,,,,,,,,,,,
26829,,,0.6191805005073547,1.664678931236267,0.5765799880027771,1.872104287147522,50000.0,0.4604000151157379,2.524790048599243,10000.0,9239.366749048231,9641.060270309448,9239.366749048231,400.1347990036011,0.6065802574157715,0.0
26900,2.4940448,2.8962893,,,,,,,,,,,,,,
27000,5.7040744,3.0036173,,,,,,,,,,,,,,
27100,3.0161707,2.9201262,,,,,,,,,,,,,,
27200,2.6891785,2.933005,,,,,,,,,,,,,,
27300,2.8062236,2.9392722,,,,,,,,,,,,,,
27400,2.7649019,2.8923995,,,,,,,,,,,,,,
27500,2.53465,3.0368233,,,,,,,,,,,,,,
27600,2.364868,2.9264956,,,,,,,,,,,,,,
27700,2.9064035,2.9174333,,,,,,,,,,,,,,
27800,2.6476493,3.0298917,,,,,,,,,,,,,,
27900,2.7420454,2.8757465,,,,,,,,,,,,,,
28000,3.0142274,2.9100711,,,,,,,,,,,,,,
28100,2.515669,2.9477258,,,,,,,,,,,,,,
28200,2.679969,2.9691482,,,,,,,,,,,,,,
28300,2.081305,2.897483,,,,,,,,,,,,,,
28323,,,0.6264747977256775,1.6441776752471924,0.5861600041389465,1.8307713270187376,50000.0,0.462300032377243,2.499001264572144,10000.0,9749.28673362732,10176.745579242706,9749.28673362732,425.5613548755646,0.8928422927856445,0.0
28400,2.9820125,2.918407,,,,,,,,,,,,,,
28500,2.414158,2.888628,,,,,,,,,,,,,,
28600,2.2565536,2.9061534,,,,,,,,,,,,,,
28700,2.2985253,2.981286,,,,,,,,,,,,,,
28800,2.7494714,2.9034717,,,,,,,,,,,,,,
28900,2.5149093,2.926024,,,,,,,,,,,,,,
29000,2.302589,2.8958974,,,,,,,,,,,,,,
29100,2.828245,2.9501746,,,,,,,,,,,,,,
29200,2.953555,2.8678763,,,,,,,,,,,,,,
29300,2.5178044,2.7886002,,,,,,,,,,,,,,
29400,2.720521,2.9030292,,,,,,,,,,,,,,
29500,2.787519,2.7792497,,,,,,,,,,,,,,
29600,2.8829803,2.8002753,,,,,,,,,,,,,,
29700,2.7553604,2.9637203,,,,,,,,,,,,,,
29800,2.7954907,2.8876724,,,,,,,,,,,,,,
29818,,,0.6796077489852905,1.4329001903533936,0.5898799896240234,1.8204493522644043,50000.0,0.4686000347137451,2.493952751159668,10000.0,10259.282884836197,10714.695464611052,10259.282884836197,453.42602372169495,0.9294729232788086,0.0
29900,2.1957464,2.8427353,,,,,,,,,,,,,,
30000,2.3260648,2.9329462,,,,,,,,,,,,,,
30100,2.9574313,2.7893977,,,,,,,,,,,,,,
30200,2.4979217,2.9466925,,,,,,,,,,,,,,
30300,2.3084433,2.8837433,,,,,,,,,,,,,,
30400,2.9919848,2.9664793,,,,,,,,,,,,,,
30500,3.2241797,2.914325,,,,,,,,,,,,,,
30600,2.829247,2.843153,,,,,,,,,,,,,,
30700,2.7357962,2.906228,,,,,,,,,,,,,,
30800,2.5441847,2.882776,,,,,,,,,,,,,,
30900,2.6778493,2.8393724,,,,,,,,,,,,,,
31000,2.543882,2.8689635,,,,,,,,,,,,,,
31100,2.9558623,2.8668487,,,,,,,,,,,,,,
31200,3.297727,2.9790597,,,,,,,,,,,,,,
31300,2.955162,2.9075756,,,,,,,,,,,,,,
31313,,,0.6559311151504517,1.534179449081421,0.5923799872398376,1.8157602548599243,50000.0,0.4671000242233276,2.5031545162200928,10000.0,10769.321096420288,11252.701828479769,10769.321096420288,481.31215620040894,0.9589977264404296,0.0
31400,2.669583,2.943837,,,,,,,,,,,,,,
31500,2.606916,2.8834498,,,,,,,,,,,,,,
31600,3.5287528,2.918733,,,,,,,,,,,,,,
31700,2.5157342,2.7657585,,,,,,,,,,,,,,
31800,2.7167525,2.829187,,,,,,,,,,,,,,
31900,2.5669599,2.8004746,,,,,,,,,,,,,,
32000,2.8893878,2.8918743,,,,,,,,,,,,,,
32100,2.6111274,2.8853495,,,,,,,,,,,,,,
32200,2.5295062,2.8879344,,,,,,,,,,,,,,
32300,2.7527668,2.9136276,,,,,,,,,,,,,,
32400,2.7704976,2.8617315,,,,,,,,,,,,,,
32500,3.2978044,2.867539,,,,,,,,,,,,,,
32600,2.657316,2.994235,,,,,,,,,,,,,,
32700,3.77783,2.9039054,,,,,,,,,,,,,,
32800,3.2316284,2.846968,,,,,,,,,,,,,,
32808,,,0.6495336294174194,1.5427614450454712,0.5927599668502808,1.7992957830429075,50000.0,0.4695000350475311,2.4723055362701416,10000.0,11279.299679756165,11791.475121498108,11279.299679756165,510.0215330123901,0.9918220043182372,0.0
32900,2.5179136,2.8839364,,,,,,,,,,,,,,
33000,2.5793056,2.8549004,,,,,,,,,,,,,,
33100,2.686597,2.7859888,,,,,,,,,,,,,,
33200,2.7158582,2.9084377,,,,,,,,,,,,,,
33300,3.3232276,2.9043503,,,,,,,,,,,,,,
33400,2.5296218,2.8878877,,,,,,,,,,,,,,
33500,2.563253,2.8988307,,,,,,,,,,,,,,
33600,3.0728567,2.8671443,,,,,,,,,,,,,,
33700,2.7493284,2.7906666,,,,,,,,,,,,,,
33800,2.3562856,2.8554604,,,,,,,,,,,,,,
33900,3.406498,2.8209467,,,,,,,,,,,,,,
34000,2.7548018,2.7966094,,,,,,,,,,,,,,
34100,2.9064763,2.8492804,,,,,,,,,,,,,,
34200,2.4332874,2.8639169,,,,,,,,,,,,,,
34300,2.8243084,2.7661183,,,,,,,,,,,,,,
34303,,,0.6366589665412903,1.5664668083190918,0.5916199684143066,1.793999195098877,50000.0,0.4610000252723694,2.4846508502960205,10000.0,11789.286068201063,12330.731914758682,11789.286068201063,539.2063465118408,1.0258684158325195,0.0
34400,2.6663404,2.915637,,,,,,,,,,,,,,
34500,2.4409406,2.8139572,,,,,,,,,,,,,,
34600,2.8996394,2.8027606,,,,,,,,,,,,,,
34700,2.5851188,2.909277,,,,,,,,,,,,,,
34800,3.072008,2.9222007,,,,,,,,,,,,,,
34900,2.5991642,2.83135,,,,,,,,,,,,,,
35000,2.882039,2.8055916,,,,,,,,,,,,,,
35100,3.1876109,2.8386135,,,,,,,,,,,,,,
35200,2.9806654,2.8196616,,,,,,,,,,,,,,
35300,2.9221518,2.91846,,,,,,,,,,,,,,
35400,2.5951715,2.8547707,,,,,,,,,,,,,,
35500,2.664554,2.8924117,,,,,,,,,,,,,,
35600,2.926317,2.9242177,,,,,,,,,,,,,,
35700,2.5457048,2.9416356,,,,,,,,,,,,,,
35799,,,0.6378148794174194,1.5660442113876345,0.5922399759292603,1.784146785736084,50000.0,0.4671000242233276,2.4597268104553223,10000.0,12299.477387428284,12870.133577108383,12299.477387428284,568.3341639041901,1.0560152530670166,0.0
35800,2.6606297,2.8703606,,,,,,,,,,,,,,
35900,2.4972575,2.7916772,,,,,,,,,,,,,,
36000,2.814849,2.8436713,,,,,,,,,,,,,,
36100,2.59448,2.7425294,,,,,,,,,,,,,,
36200,3.4235673,2.8268976,,,,,,,,,,,,,,
36300,2.537359,2.828715,,,,,,,,,,,,,,
36400,2.9080853,2.8077106,,,,,,,,,,,,,,
36500,2.7282884,2.7648692,,,,,,,,,,,,,,
36600,2.8568928,2.809998,,,,,,,,,,,,,,
36700,3.0476823,2.8108566,,,,,,,,,,,,,,
36800,2.6773438,2.8732555,,,,,,,,,,,,,,
36900,3.1407127,2.8913593,,,,,,,,,,,,,,
37000,3.2553098,2.8831763,,,,,,,,,,,,,,
37100,2.7877264,2.8308582,,,,,,,,,,,,,,
37200,2.4565582,2.8392987,,,,,,,,,,,,,,
37295,,,0.6366190910339355,1.5938445329666138,0.5913800001144409,1.7923438549041748,50000.0,0.4679000079631805,2.4650025367736816,10000.0,12809.5560669899,13404.700600862505,12809.5560669899,592.7390449047089,1.0869965553283691,0.0
37300,3.0562038,2.8451288,,,,,,,,,,,,,,
37400,2.9826858,2.8712046,,,,,,,,,,,,,,
37500,2.7758362,2.8809192,,,,,,,,,,,,,,
37600,2.96063,2.7713058,,,,,,,,,,,,,,
37700,2.9698246,2.840927,,,,,,,,,,,,,,
37800,2.8626823,2.8996115,,,,,,,,,,,,,,
37900,3.1532233,2.899494,,,,,,,,,,,,,,
38000,3.1711783,2.8332076,,,,,,,,,,,,,,
38100,2.6947882,2.783123,,,,,,,,,,,,,,
38200,2.5369902,2.90613,,,,,,,,,,,,,,
38300,3.2372823,2.7905989,,,,,,,,,,,,,,
38400,2.7977192,2.801091,,,,,,,,,,,,,,
38500,2.6012154,2.8179169,,,,,,,,,,,,,,
38600,3.115701,2.9727476,,,,,,,,,,,,,,
38700,2.803801,2.7820325,,,,,,,,,,,,,,
38791,,,0.6360610723495483,1.5897728204727173,0.5958999991416931,1.7883894443511963,50000.0,0.4674000144004822,2.4758548736572266,10000.0,13319.627460718157,13938.978770971298,13319.627460718157,616.8579416275024,1.1224727630615234,0.0
38800,3.2220454,2.7715816,,,,,,,,,,,,,,
38900,2.7088497,2.8893933,,,,,,,,,,,,,,
39000,2.886576,2.7909143,,,,,,,,,,,,,,
39100,3.5227284,2.8237593,,,,,,,,,,,,,,
39200,2.810825,2.9068992,,,,,,,,,,,,,,
39300,2.6081862,2.8049862,,,,,,,,,,,,,,
39400,2.9188282,2.7590523,,,,,,,,,,,,,,
39500,2.7228665,2.7790513,,,,,,,,,,,,,,
39600,3.0287309,2.710022,,,,,,,,,,,,,,
39700,2.7164886,2.8974552,,,,,,,,,,,,,,
39800,2.5528867,2.7519705,,,,,,,,,,,,,,
39900,3.2432163,2.789825,,,,,,,,,,,,,,
40000,3.1045039,2.8125165,,,,,,,,,,,,,,
40100,3.1005468,2.8547244,,,,,,,,,,,,,,
40200,2.3821785,2.8719757,,,,,,,,,,,,,,
40288,,,0.6785315275192261,1.429153561592102,0.6075400114059448,1.744420886039734,50000.0,0.4816000163555145,2.3984053134918213,10000.0,13829.770707130432,14474.279106140137,13829.770707130432,641.9266719818115,1.1579747200012207,0.0
40300,2.903533,2.7928257,,,,,,,,,,,,,,
40400,2.927342,2.8151045,,,,,,,,,,,,,,
40500,2.6612337,2.8222473,,,,,,,,,,,,,,
40600,2.9417098,2.7632818,,,,,,,,,,,,,,
40700,2.556505,2.6814785,,,,,,,,,,,,,,
40800,3.4430876,2.8221288,,,,,,,,,,,,,,
40900,3.321583,2.915848,,,,,,,,,,,,,,
41000,3.0990083,2.8133502,,,,,,,,,,,,,,
41100,2.5068128,2.8178978,,,,,,,,,,,,,,
41200,2.75225,2.8083987,,,,,,,,,,,,,,
41300,3.2985826,2.826897,,,,,,,,,,,,,,
41400,2.7711253,2.7914362,,,,,,,,,,,,,,
41500,2.899523,2.7809768,,,,,,,,,,,,,,
41600,2.5581017,2.882432,,,,,,,,,,,,,,
41700,2.7103722,2.7742763,,,,,,,,,,,,,,
41784,,,0.653738796710968,1.4900377988815308,0.6013199687004089,1.745078444480896,50000.0,0.4737000167369842,2.4545068740844727,10000.0,14339.714583158491,15010.457790374756,14339.714583158491,668.0780494213104,1.189523696899414,0.0
41800,2.5570362,2.7991843,,,,,,,,,,,,,,
41900,2.7139912,2.7799373,,,,,,,,,,,,,,
42000,2.9209726,2.7934487,,,,,,,,,,,,,,
42100,2.8816712,2.7332287,,,,,,,,,,,,,,
42200,3.1844249,2.749968,,,,,,,,,,,,,,
42300,2.7509403,2.8871639,,,,,,,,,,,,,,
42400,2.9514954,2.8907905,,,,,,,,,,,,,,
42500,2.714034,2.82464,,,,,,,,,,,,,,
42600,2.8953528,2.7851608,,,,,,,,,,,,,,
42700,3.2259955,2.8260143,,,,,,,,,,,,,,
42800,2.4816968,2.8390508,,,,,,,,,,,,,,
42900,3.153866,2.7345378,,,,,,,,,,,,,,
43000,3.01856,2.8188584,,,,,,,,,,,,,,
43100,3.5339313,2.78547,,,,,,,,,,,,,,
43200,2.7358878,2.7117162,,,,,,,,,,,,,,
43281,,,0.6560307741165161,1.4934347867965698,0.6091399788856506,1.716739535331726,50000.0,0.4853000342845917,2.3822152614593506,10000.0,14849.64465880394,15544.708775043488,14849.64465880394,692.312097787857,1.2241225242614746,0.0
43300,2.8032086,2.6688309,,,,,,,,,,,,,,
43400,2.994544,2.7711213,,,,,,,,,,,,,,
43500,3.848039,2.9338923,,,,,,,,,,,,,,
43600,3.1833332,2.898694,,,,,,,,,,,,,,
43700,3.1283417,2.8408246,,,,,,,,,,,,,,
43800,2.865182,2.798662,,,,,,,,,,,,,,
43900,2.9471836,2.7554584,,,,,,,,,,,,,,
44000,2.9900513,2.7932668,,,,,,,,,,,,,,
44100,3.4374578,2.70642,,,,,,,,,,,,,,
44200,3.3178267,2.703384,,,,,,,,,,,,,,
44300,2.9279318,2.9175014,,,,,,,,,,,,,,
44400,3.291483,2.823103,,,,,,,,,,,,,,
44500,3.4097416,2.778135,,,,,,,,,,,,,,
44600,2.5131009,2.7685337,,,,,,,,,,,,,,
44700,2.8435583,2.7722573,,,,,,,,,,,,,,
44778,,,0.6522639989852905,1.49825918674469,0.608519971370697,1.7100305557250977,50000.0,0.4811000227928161,2.378246307373047,10000.0,15359.792588233948,16075.464728355408,15359.792588233948,712.8357448577881,1.2552731037139893,0.0
44800,2.5555258,2.7448692,,,,,,,,,,,,,,
44900,3.3800623,2.6868057,,,,,,,,,,,,,,
45000,2.7510555,2.745476,,,,,,,,,,,,,,
45100,2.7871115,2.8060675,,,,,,,,,,,,,,
45200,3.0020385,2.745564,,,,,,,,,,,,,,
45300,2.9539902,2.796318,,,,,,,,,,,,,,
45400,2.9130685,2.7289689,,,,,,,,,,,,,,
45500,3.0264215,2.85619,,,,,,,,,,,,,,
45600,3.4402068,2.9042623,,,,,,,,,,,,,,
45700,2.7240767,2.841547,,,,,,,,,,,,,,
45800,3.1357794,2.7495058,,,,,,,,,,,,,,
45900,2.7874253,2.7771192,,,,,,,,,,,,,,
46000,3.0929823,2.834476,,,,,,,,,,,,,,
46100,2.7307615,2.8202343,,,,,,,,,,,,,,
46200,3.1172678,2.8622415,,,,,,,,,,,,,,
46275,,,0.6466438174247742,1.5245031118392944,0.6079800128936768,1.7318607568740845,50000.0,0.4743000268936157,2.445262908935547,10000.0,15869.994189023972,16607.313181638718,15869.994189023972,734.393792629242,1.290493726730347,0.0
46300,2.663622,2.759832,,,,,,,,,,,,,,
46400,2.7891736,2.7762015,,,,,,,,,,,,,,
46500,2.7122564,2.720416,,,,,,,,,,,,,,
46600,2.9533634,2.8102283,,,,,,,,,,,,,,
46700,3.171609,2.7123404,,,,,,,,,,,,,,
46800,2.6841362,2.7970748,,,,,,,,,,,,,,
46900,2.848663,2.7763274,,,,,,,,,,,,,,
47000,3.053641,2.7938175,,,,,,,,,,,,,,
47100,2.5450122,2.8759341,,,,,,,,,,,,,,
47200,3.2494614,2.7720938,,,,,,,,,,,,,,
47300,3.119664,2.7246468,,,,,,,,,,,,,,
47400,2.9385955,2.7790718,,,,,,,,,,,,,,
47500,3.160105,2.749834,,,,,,,,,,,,,,
47600,2.602103,2.7105155,,,,,,,,,,,,,,
47700,2.9313893,2.7951841,,,,,,,,,,,,,,
47772,,,0.6665935516357422,1.4375948905944824,0.6195600032806396,1.653029203414917,50000.0,0.4997000098228454,2.321115016937256,10000.0,16379.979562282562,17139.796500205994,16379.979562282562,756.8087544441223,1.3213257789611816,0.0
47800,2.9855967,2.7638323,,,,,,,,,,,,,,
47900,2.6404753,2.8005924,,,,,,,,,,,,,,
48000,3.2001705,2.8234282,,,,,,,,,,,,,,
48100,2.551353,2.8052714,,,,,,,,,,,,,,
48200,2.8669343,2.7241015,,,,,,,,,,,,,,
48300,2.5288053,2.807755,,,,,,,,,,,,,,
48400,2.960338,2.7800775,,,,,,,,,,,,,,
48500,2.8526359,2.7405066,,,,,,,,,,,,,,
48600,2.821837,2.853749,,,,,,,,,,,,,,
48700,2.901455,2.8953295,,,,,,,,,,,,,,
48800,3.2759757,2.8409672,,,,,,,,,,,,,,
48900,3.0888522,2.6863635,,,,,,,,,,,,,,
49000,2.4982224,2.7363272,,,,,,,,,,,,,,
49100,2.8912456,2.7028713,,,,,,,,,,,,,,
49200,3.3251853,2.7879953,,,,,,,,,,,,,,
49269,,,0.6853276491165161,1.3729162216186523,0.6049799919128418,1.7333292961120603,50000.0,0.4828000366687774,2.403492212295532,10000.0,16889.966987609863,17673.149465560913,16889.966987609863,780.0877132415771,1.3552992343902588,0.0
49300,3.1217923,2.7993047,,,,,,,,,,,,,,
49400,3.2276428,2.8466344,,,,,,,,,,,,,,
49500,3.1859422,2.7502282,,,,,,,,,,,,,,
49600,2.94531,2.7278554,,,,,,,,,,,,,,
49700,2.7562127,2.810466,,,,,,,,,,,,,,
49800,2.8430402,2.690417,,,,,,,,,,,,,,
49900,3.562816,2.799248,,,,,,,,,,,,,,
50000,3.0548985,2.7079248,,,,,,,,,,,,,,
50100,3.1209207,2.7062562,,,,,,,,,,,,,,
50200,2.9827309,2.738829,,,,,,,,,,,,,,
50300,2.9521263,2.7404637,,,,,,,,,,,,,,
50400,2.9828987,2.7917452,,,,,,,,,,,,,,
50500,3.1624665,2.7821615,,,,,,,,,,,,,,
50600,3.2074049,2.689673,,,,,,,,,,,,,,
50700,3.2452972,2.852275,,,,,,,,,,,,,,
50767,,,0.6706194281578064,1.4684566259384155,0.6141799688339233,1.7246215343475342,50000.0,0.496800035238266,2.3656082153320312,10000.0,17400.136473178864,18203.439871788025,17400.136473178864,800.1200399398804,1.3906974792480469,0.0
50800,3.0186477,2.722388,,,,,,,,,,,,,,
50900,2.8298657,2.6842968,,,,,,,,,,,,,,
51000,2.9642484,2.8017647,,,,,,,,,,,,,,
51100,2.9032142,2.7294152,,,,,,,,,,,,,,
51200,2.778708,2.7962856,,,,,,,,,,,,,,
51300,3.2128184,2.7585263,,,,,,,,,,,,,,
51400,4.132651,2.7874398,,,,,,,,,,,,,,
51500,2.9681225,2.7517514,,,,,,,,,,,,,,
51600,2.8269458,2.6597183,,,,,,,,,,,,,,
51700,2.7574031,2.7803125,,,,,,,,,,,,,,
51800,2.5312412,2.71842,,,,,,,,,,,,,,
51900,3.0295053,2.8753185,,,,,,,,,,,,,,
52000,3.8653955,2.7047336,,,,,,,,,,,,,,
52100,3.3704736,2.7383842,,,,,,,,,,,,,,
52200,2.7660182,2.7818422,,,,,,,,,,,,,,
52264,,,0.6682876348495483,1.4387011528015137,0.6141799688339233,1.6917462348937988,50000.0,0.4983000159263611,2.327981472015381,10000.0,17910.097777605057,18734.281458616257,17910.097777605057,820.9086954593658,1.428830623626709,0.0
52300,3.0233643,2.7895637,,,,,,,,,,,,,,
52400,3.2603452,2.746948,,,,,,,,,,,,,,
52500,2.9313853,2.8266027,,,,,,,,,,,,,,
52600,3.2817807,2.732684,,,,,,,,,,,,,,
52700,3.1206555,2.8508346,,,,,,,,,,,,,,
52800,3.5861328,2.83968,,,,,,,,,,,,,,
52900,3.290195,2.752929,,,,,,,,,,,,,,
53000,2.7689743,2.7214913,,,,,,,,,,,,,,
53100,2.7684882,2.7638273,,,,,,,,,,,,,,
53200,2.7071726,2.676123,,,,,,,,,,,,,,
53300,3.0500288,2.7343576,,,,,,,,,,,,,,
53400,2.9571877,2.6918054,,,,,,,,,,,,,,
53500,3.0647738,2.7929373,,,,,,,,,,,,,,
53600,2.8279614,2.7298136,,,,,,,,,,,,,,
53700,2.7316976,2.7295709,,,,,,,,,,,,,,
53762,,,0.6623485088348389,1.4536722898483276,0.6167399883270264,1.669871807098389,50000.0,0.4855000376701355,2.368152141571045,10000.0,18420.31276488304,19266.659328460693,18420.31276488304,842.9873013496399,1.46030592918396,0.0
53800,3.076443,2.7516308,,,,,,,,,,,,,,
53900,3.0820954,2.7947457,,,,,,,,,,,,,,
54000,2.8072598,2.665501,,,,,,,,,,,,,,
54100,3.0633652,2.715342,,,,,,,,,,,,,,
54200,3.020505,2.75461,,,,,,,,,,,,,,
54300,3.2373807,2.8213677,,,,,,,,,,,,,,
54400,3.214427,2.7543833,,,,,,,,,,,,,,
54500,3.5638762,2.7554197,,,,,,,,,,,,,,
54600,2.8335226,2.7623785,,,,,,,,,,,,,,
54700,2.7391627,2.6701584,,,,,,,,,,,,,,
54800,3.2022943,2.763394,,,,,,,,,,,,,,
54900,2.820126,2.6403654,,,,,,,,,,,,,,
55000,3.0382557,2.6766992,,,,,,,,,,,,,,
55100,3.3658879,2.796259,,,,,,,,,,,,,,
55200,3.0114002,2.6831374,,,,,,,,,,,,,,
55259,,,0.6570870280265808,1.5013911724090576,0.6133999824523926,1.7057781219482422,50000.0,0.4853000342845917,2.398420810699463,10000.0,18930.233951568604,19801.472388744354,18930.233951568604,867.7900025844574,1.4969379901885986,0.0
55300,3.0382051,2.7360742,,,,,,,,,,,,,,
55400,3.0149508,2.7227383,,,,,,,,,,,,,,
55500,3.3862038,2.7055507,,,,,,,,,,,,,,
55600,2.8364153,2.6859417,,,,,,,,,,,,,,
55700,3.177901,2.6868386,,,,,,,,,,,,,,
55800,3.5168517,2.7065516,,,,,,,,,,,,,,
55900,2.891288,2.7195735,,,,,,,,,,,,,,
56000,3.2834756,2.7974231,,,,,,,,,,,,,,
56100,3.998728,2.8316054,,,,,,,,,,,,,,
56200,3.2801418,2.7568989,,,,,,,,,,,,,,
56300,3.2189276,2.7833097,,,,,,,,,,,,,,
56400,3.3482091,2.719077,,,,,,,,,,,,,,
56500,2.8628776,2.747902,,,,,,,,,,,,,,
56600,2.789529,2.8222632,,,,,,,,,,,,,,
56700,3.2205186,2.7613046,,,,,,,,,,,,,,
56757,,,0.66796875,1.44689679145813,0.6184999942779541,1.6677325963974,50000.0,0.4985000193119049,2.3142998218536377,10000.0,19440.39981842041,20337.440277814865,19440.39981842041,893.5037207603455,1.5324301719665527,0.0
56800,2.8297844,2.874706,,,,,,,,,,,,,,
56900,2.8613143,2.7935839,,,,,,,,,,,,,,
57000,2.7009652,2.7322829,,,,,,,,,,,,,,
57100,2.9727654,2.7237415,,,,,,,,,,,,,,
57200,2.7979162,2.7350876,,,,,,,,,,,,,,
57300,3.1961558,2.7788177,,,,,,,,,,,,,,
57400,2.8757792,2.6616628,,,,,,,,,,,,,,
57500,2.8350947,2.7493289,,,,,,,,,,,,,,
57600,4.059319,2.7247658,,,,,,,,,,,,,,
57700,2.6546953,2.7014666,,,,,,,,,,,,,,
57800,3.718604,2.770542,,,,,,,,,,,,,,
57900,3.3889,2.7430272,,,,,,,,,,,,,,
58000,3.4187026,2.7759278,,,,,,,,,,,,,,
58100,3.1931076,2.7174122,,,,,,,,,,,,,,
58200,3.645067,2.6816628,,,,,,,,,,,,,,
58255,,,0.7061941623687744,1.3038018941879272,0.6208599805831909,1.6640121936798096,50000.0,0.5010000467300415,2.3238797187805176,10000.0,19950.52734875679,20869.40091061592,19950.52734875679,915.2471010684968,1.5690653324127195,0.0
58300,2.7809646,2.6248555,,,,,,,,,,,,,,
58400,3.163793,2.8115377,,,,,,,,,,,,,,
58500,2.8499033,2.7908173,,,,,,,,,,,,,,
58600,2.9282198,2.7457962,,,,,,,,,,,,,,
58700,3.1860614,2.7316647,,,,,,,,,,,,,,
58800,3.1061518,2.7390609,,,,,,,,,,,,,,
58900,3.3536162,2.6209273,,,,,,,,,,,,,,
59000,4.5236936,2.7574432,,,,,,,,,,,,,,
59100,3.4511123,2.7384043,,,,,,,,,,,,,,
59200,3.2608876,2.7076674,,,,,,,,,,,,,,
59300,2.7248855,2.6631336,,,,,,,,,,,,,,
59400,3.115506,2.7305243,,,,,,,,,,,,,,
59500,4.0579658,2.7839234,,,,,,,,,,,,,,
59600,3.2475202,2.6889045,,,,,,,,,,,,,,
59700,3.8400264,2.6899223,,,,,,,,,,,,,,
59753,,,0.6842514276504517,1.3801279067993164,0.6209799647331238,1.6713746786117554,50000.0,0.4984000325202942,2.3074872493743896,10000.0,20460.716643571854,21400.4694223404,20460.716643571854,936.0342721939088,1.607895851135254,0.0
59800,3.1379168,2.83793,,,,,,,,,,,,,,
59900,3.1114414,2.7554057,,,,,,,,,,,,,,
60000,3.3892202,2.6855063,,,,,,,,,,,,,,
60100,3.1137173,2.6601806,,,,,,,,,,,,,,
60200,3.66139,2.7384582,,,,,,,,,,,,,,
60300,3.1534796,2.6848593,,,,,,,,,,,,,,
60400,3.2639718,2.7180083,,,,,,,,,,,,,,
60500,3.6421568,2.7263389,,,,,,,,,,,,,,
60600,3.06433,2.748989,,,,,,,,,,,,,,
60700,3.1346843,2.583295,,,,,,,,,,,,,,
60800,3.4055538,2.6872082,,,,,,,,,,,,,,
60900,3.0717957,2.702751,,,,,,,,,,,,,,
61000,3.037487,2.6571572,,,,,,,,,,,,,,
61100,3.4792151,2.6951602,,,,,,,,,,,,,,
61200,3.0207329,2.6915016,,,,,,,,,,,,,,
61251,,,0.6810227632522583,1.3878642320632937,0.6245999932289124,1.6530057191848757,50000.0,0.4961000382900238,2.333266496658325,10000.0,20970.8583021164,21933.31729793549,20970.8583021164,958.6504609584808,1.644767999649048,0.0
61300,3.2301707,2.7676954,,,,,,,,,,,,,,
61400,3.3378563,2.6825032,,,,,,,,,,,,,,
61500,2.7990074,2.6745596,,,,,,,,,,,,,,
61600,3.4077525,2.7464645,,,,,,,,,,,,,,
61700,3.172838,2.772607,,,,,,,,,,,,,,
61800,3.2068565,2.7588396,,,,,,,,,,,,,,
61900,3.2479086,2.733306,,,,,,,,,,,,,,
62000,3.0799649,2.6389303,,,,,,,,,,,,,,
62100,3.2736943,2.8069663,,,,,,,,,,,,,,
62200,3.52022,2.818645,,,,,,,,,,,,,,
62300,2.8814952,2.6635985,,,,,,,,,,,,,,
62400,3.564596,2.7323532,,,,,,,,,,,,,,
62500,3.1605866,2.6960666,,,,,,,,,,,,,,
62600,2.862373,2.7143579,,,,,,,,,,,,,,
62700,3.2978883,2.7114944,,,,,,,,,,,,,,
62748,,,0.6794682741165161,1.3881415128707886,0.6266999840736389,1.6291654109954834,50000.0,0.5010000467300415,2.297637701034546,10000.0,21480.80452680588,22463.822006464005,21480.80452680588,979.1125462055206,1.6878178119659424,0.0
62800,2.8996403,2.6038272,,,,,,,,,,,,,,
62900,3.2484937,2.7056792,,,,,,,,,,,,,,
63000,3.1049006,2.7321491,,,,,,,,,,,,,,
63100,3.2155392,2.6572068,,,,,,,,,,,,,,
63200,3.2053251,2.6653337,,,,,,,,,,,,,,
63300,3.3817277,2.7495792,,,,,,,,,,,,,,
63400,2.9067707,2.70632,,,,,,,,,,,,,,
63500,3.093266,2.7458072,,,,,,,,,,,,,,
63600,2.986824,2.632724,,,,,,,,,,,,,,
63700,2.9739912,2.751046,,,,,,,,,,,,,,
63800,3.3036602,2.7384088,,,,,,,,,,,,,,
63900,3.780694,2.7585187,,,,,,,,,,,,,,
64000,2.9896405,2.6484072,,,,,,,,,,,,,,
64100,2.8647902,2.753737,,,,,,,,,,,,,,
64200,3.1848412,2.6425292,,,,,,,,,,,,,,
64247,,,0.6801658272743225,1.4166886806488037,0.6369199752807617,1.62911057472229,50000.0,0.5131000280380249,2.283542394638061,10000.0,21991.024685382843,22991.425476551056,21991.024685382843,996.4067857265472,1.7237071990966797,0.0
64300,3.0608149,2.6862974,,,,,,,,,,,,,,
64400,3.5703552,2.7270184,,,,,,,,,,,,,,
64500,3.158326,2.7291718,,,,,,,,,,,,,,
64600,3.0426235,2.733795,,,,,,,,,,,,,,
64700,3.2905102,2.7163577,,,,,,,,,,,,,,
64800,3.1712136,2.7261689,,,,,,,,,,,,,,
64900,3.1180964,2.6471283,,,,,,,,,,,,,,
65000,3.9211168,2.7567637,,,,,,,,,,,,,,
65100,3.4277668,2.6635554,,,,,,,,,,,,,,
65200,2.8838983,2.7215922,,,,,,,,,,,,,,
65300,3.4306107,2.6619945,,,,,,,,,,,,,,
65400,3.5459332,2.6213088,,,,,,,,,,,,,,
65500,3.4451163,2.6775541,,,,,,,,,,,,,,
65600,3.6989865,2.7412355,,,,,,,,,,,,,,
65700,3.656473,2.7487621,,,,,,,,,,,,,,
65745,,,0.6695432066917419,1.4177908897399902,0.6273800134658813,1.6252795457839966,50000.0,0.5005000233650208,2.299668788909912,10000.0,22501.18342065811,23518.984770536423,22501.18342065811,1013.7140867710114,1.764214277267456,0.0
65800,4.380328,2.6949022,,,,,,,,,,,,,,
65900,3.4384694,2.707644,,,,,,,,,,,,,,
66000,3.2210598,2.7116961,,,,,,,,,,,,,,
66100,3.162005,2.66841,,,,,,,,,,,,,,
66200,2.8787847,2.7204578,,,,,,,,,,,,,,
66300,2.907273,2.664279,,,,,,,,,,,,,,
66400,3.8840902,2.685421,,,,,,,,,,,,,,
66500,3.7199059,2.7125149,,,,,,,,,,,,,,
66600,3.3272202,2.7437034,,,,,,,,,,,,,,
66700,3.356278,2.6779675,,,,,,,,,,,,,,
66800,3.416937,2.7744315,,,,,,,,,,,,,,
66900,3.2642817,2.6391609,,,,,,,,,,,,,,
67000,3.003269,2.5847955,,,,,,,,,,,,,,
67100,3.387705,2.7418432,,,,,,,,,,,,,,
67200,3.3377268,2.6925716,,,,,,,,,,,,,,
67243,,,0.6758211255073547,1.402268886566162,0.6305400133132935,1.6083073616027832,50000.0,0.5052000284194946,2.282384395599365,10000.0,23011.17470502853,24046.398901700974,23011.17470502853,1031.042878627777,1.8049440383911133,0.0
67300,3.0451021,2.6255314,,,,,,,,,,,,,,
67400,3.534023,2.7167032,,,,,,,,,,,,,,
67500,2.9647357,2.7118354,,,,,,,,,,,,,,
67600,3.244692,2.6943405,,,,,,,,,,,,,,
67700,3.1150656,2.7001307,,,,,,,,,,,,,,
67800,2.8745387,2.6781366,,,,,,,,,,,,,,
67900,3.724333,2.7257528,,,,,,,,,,,,,,
68000,3.4180741,2.6669126,,,,,,,,,,,,,,
68100,3.2700064,2.6359453,,,,,,,,,,,,,,
68200,2.9825704,2.5993373,,,,,,,,,,,,,,
68300,3.3195865,2.6293902,,,,,,,,,,,,,,
68400,3.2687435,2.674621,,,,,,,,,,,,,,
68500,3.2073193,2.6705272,,,,,,,,,,,,,,
68600,3.4485073,2.5838127,,,,,,,,,,,,,,
68700,3.4178376,2.5881903,,,,,,,,,,,,,,
68741,,,0.7044403553009033,1.2756359577178955,0.6326199769973755,1.611840844154358,50000.0,0.503000020980835,2.2887513637542725,10000.0,23521.249089717865,24573.874277114868,23521.249089717865,1048.3455667495728,1.849421024322509,0.0
68800,3.235222,2.7009053,,,,,,,,,,,,,,
68900,3.6265771,2.6906276,,,,,,,,,,,,,,
69000,3.730355,2.6917136,,,,,,,,,,,,,,
69100,4.1954274,2.7269182,,,,,,,,,,,,,,
69200,3.1139066,2.7045784,,,,,,,,,,,,,,
69300,3.5132244,2.7683606,,,,,,,,,,,,,,
69400,3.2738826,2.706548,,,,,,,,,,,,,,
69500,3.629516,2.7148054,,,,,,,,,,,,,,
69600,3.2291982,2.6430702,,,,,,,,,,,,,,
69700,3.3470225,2.7283626,,,,,,,,,,,,,,
69800,3.461716,2.6325512,,,,,,,,,,,,,,
69900,3.2976332,2.7264287,,,,,,,,,,,,,,
70000,3.0374224,2.602665,,,,,,,,,,,,,,
70100,2.8852084,2.6093993,,,,,,,,,,,,,,
70200,3.3205948,2.5614743,,,,,,,,,,,,,,
70239,,,0.6795080900192261,1.362185835838318,0.6221799850463867,1.6446069478988647,50000.0,0.4953000247478485,2.3178820610046387,10000.0,24031.25943398476,25101.102893829346,24031.25943398476,1065.4621486663818,1.8978939056396484,0.0
70300,2.9138103,2.6326394,,,,,,,,,,,,,,
70400,3.4048002,2.729113,,,,,,,,,,,,,,
70500,3.0001965,2.602186,,,,,,,,,,,,,,
70600,3.2293246,2.6605482,,,,,,,,,,,,,,
70700,3.4773479,2.7077012,,,,,,,,,,,,,,
70800,3.2169025,2.6591184,,,,,,,,,,,,,,
70900,3.806558,2.7098975,,,,,,,,,,,,,,
71000,3.0826917,2.7454422,,,,,,,,,,,,,,
71100,3.222258,2.6196299,,,,,,,,,,,,,,
71200,3.4090228,2.572752,,,,,,,,,,,,,,
71300,3.4130933,2.6473389,,,,,,,,,,,,,,
71400,3.7004793,2.6996255,,,,,,,,,,,,,,
71500,3.320705,2.6577845,,,,,,,,,,,,,,
71600,3.4317527,2.8329468,,,,,,,,,,,,,,
71700,3.242684,2.7630737,,,,,,,,,,,,,,
71738,,,0.689871609210968,1.3457337617874146,0.6337400078773499,1.6036646366119385,50000.0,0.509600043296814,2.267163753509521,10000.0,24541.434103012085,25628.487560510635,24541.434103012085,1082.5763471126556,1.9398953914642327,0.0
71800,3.2843306,2.623715,,,,,,,,,,,,,,
71900,3.3927784,2.6711895,,,,,,,,,,,,,,
72000,3.2148697,2.7531018,,,,,,,,,,,,,,
72100,3.2788403,2.613856,,,,,,,,,,,,,,
72200,3.5805562,2.6120982,,,,,,,,,,,,,,
72300,3.9053771,2.648952,,,,,,,,,,,,,,
72400,2.9453065,2.6700857,,,,,,,,,,,,,,
72500,3.726434,2.6857867,,,,,,,,,,,,,,
72600,3.3395894,2.767296,,,,,,,,,,,,,,
72700,3.49432,2.676804,,,,,,,,,,,,,,
72800,3.5326493,2.7042885,,,,,,,,,,,,,,
72900,3.0491924,2.572408,,,,,,,,,,,,,,
73000,3.5223842,2.6145675,,,,,,,,,,,,,,
73100,3.5903883,2.631859,,,,,,,,,,,,,,
73200,3.0681891,2.628571,,,,,,,,,,,,,,
73236,,,0.6775749325752258,1.4289164543151855,0.6287400126457214,1.6578139066696167,50000.0,0.504800021648407,2.3007235527038574,10000.0,25051.393620967865,26155.86569571495,25051.393620967865,1099.8978953361511,1.983081817626953,0.0
73300,3.6581292,2.7008717,,,,,,,,,,,,,,
73400,3.700441,2.6030505,,,,,,,,,,,,,,
73500,3.1911643,2.6837966,,,,,,,,,,,,,,
73600,3.466114,2.5591495,,,,,,,,,,,,,,
73700,3.309686,2.724149,,,,,,,,,,,,,,
73800,3.2149506,2.7159932,,,,,,,,,,,,,,
73900,3.093518,2.656546,,,,,,,,,,,,,,
74000,3.4122043,2.746058,,,,,,,,,,,,,,
74100,3.9907467,2.6933885,,,,,,,,,,,,,,
74200,3.4328897,2.6791902,,,,,,,,,,,,,,
74300,3.2939937,2.6154256,,,,,,,,,,,,,,
74400,3.3633757,2.6204739,,,,,,,,,,,,,,
74500,3.3287497,2.6929488,,,,,,,,,,,,,,
74600,3.483002,2.680536,,,,,,,,,,,,,,
74700,3.54133,2.6224217,,,,,,,,,,,,,,
74734,,,0.6923828125,1.338877558708191,0.6419999599456787,1.569522261619568,50000.0,0.5152000188827515,2.232193946838379,10000.0,25561.57228755951,26684.01655626297,25561.57228755951,1117.776288509369,2.0238184928894043,0.0
74800,3.2659485,2.6614814,,,,,,,,,,,,,,
74900,3.2765372,2.554182,,,,,,,,,,,,,,
75000,3.1740522,2.6563394,,,,,,,,,,,,,,
75100,3.7140493,2.7116587,,,,,,,,,,,,,,
75200,3.3348255,2.6558862,,,,,,,,,,,,,,
75300,4.3156238,2.7532845,,,,,,,,,,,,,,
75400,3.6500998,2.6410155,,,,,,,,,,,,,,
75500,3.0350676,2.663731,,,,,,,,,,,,,,
75600,3.3967931,2.6212912,,,,,,,,,,,,,,
75700,3.2765086,2.7232633,,,,,,,,,,,,,,
75800,3.6021008,2.5990846,,,,,,,,,,,,,,
75900,3.2164369,2.6293397,,,,,,,,,,,,,,
76000,3.4829879,2.7373548,,,,,,,,,,,,,,
76100,3.270088,2.5826209,,,,,,,,,,,,,,
76200,3.6062205,2.5603123,,,,,,,,,,,,,,
76232,,,0.6945750713348389,1.3063466548919678,0.6463599801063538,1.5282630920410156,50000.0,0.5218000411987305,2.195251226425171,10000.0,26071.621356248856,27211.389859199524,26071.621356248856,1135.0042226314545,2.066178798675537,0.0
76300,3.2664943,2.5458312,,,,,,,,,,,,,,
76400,3.5532086,2.6333025,,,,,,,,,,,,,,
76500,3.4807165,2.719996,,,,,,,,,,,,,,
76600,3.524354,2.6345172,,,,,,,,,,,,,,
76700,4.004693,2.7153096,,,,,,,,,,,,,,
76800,3.453603,2.5289855,,,,,,,,,,,,,,
76900,3.1550853,2.6113963,,,,,,,,,,,,,,
77000,3.6711538,2.6188025,,,,,,,,,,,,,,
77100,3.4088528,2.5823536,,,,,,,,,,,,,,
77200,3.0041273,2.7061718,,,,,,,,,,,,,,
77300,3.900582,2.6595867,,,,,,,,,,,,,,
77400,3.409449,2.6950138,,,,,,,,,,,,,,
77500,3.3660502,2.6470108,,,,,,,,,,,,,,
77600,3.5929148,2.6717136,,,,,,,,,,,,,,
77700,3.3328252,2.6306946,,,,,,,,,,,,,,
77730,,,0.7152822017669678,1.2319339513778689,0.6333400011062622,1.5955429077148438,50000.0,0.5038000345230103,2.2657687664031982,10000.0,26581.789526224136,27738.731107711792,26581.789526224136,1152.0831923484802,2.1065115928649902,0.0
77800,3.0977283,2.7597997,,,,,,,,,,,,,,
77900,3.4181378,2.5667756,,,,,,,,,,,,,,
78000,3.3481042,2.6743262,,,,,,,,,,,,,,
78100,3.4777858,2.6001983,,,,,,,,,,,,,,
78200,3.3091362,2.6780596,,,,,,,,,,,,,,
78300,3.017141,2.6499588,,,,,,,,,,,,,,
78400,3.3711865,2.656734,,,,,,,,,,,,,,
78500,3.4963734,2.6374154,,,,,,,,,,,,,,
78600,3.3166716,2.6578472,,,,,,,,,,,,,,
78700,3.23613,2.6985202,,,,,,,,,,,,,,
78800,3.2557778,2.6256678,,,,,,,,,,,,,,
78900,3.6769564,2.6097436,,,,,,,,,,,,,,
79000,3.4382386,2.590948,,,,,,,,,,,,,,
79100,3.5006576,2.6409235,,,,,,,,,,,,,,
79200,3.5034497,2.582801,,,,,,,,,,,,,,
79228,,,0.7074099183082581,1.2564231157302856,0.6412799954414368,1.5457310676574707,50000.0,0.5197000503540039,2.1841726303100586,10000.0,27091.99800467491,28266.164499998093,27091.99800467491,1169.2095711231232,2.151107788085937,0.0
79300,4.299114,2.5575447,,,,,,,,,,,,,,
79400,4.2616763,2.6539547,,,,,,,,,,,,,,
79500,3.1396577,2.6926944,,,,,,,,,,,,,,
79600,3.3942509,2.5972402,,,,,,,,,,,,,,
79700,3.840362,2.676004,,,,,,,,,,,,,,
79800,3.1915596,2.65298,,,,,,,,,,,,,,
79900,3.3996964,2.7073424,,,,,,,,,,,,,,
80000,3.240346,2.6026738,,,,,,,,,,,,,,
80100,3.424853,2.6571352,,,,,,,,,,,,,,
80200,3.3357186,2.6394932,,,,,,,,,,,,,,
80300,3.9892597,2.6560376,,,,,,,,,,,,,,
80400,4.223727,2.7259045,,,,,,,,,,,,,,
80500,2.9922345,2.613982,,,,,,,,,,,,,,
80600,3.6317458,2.5901618,,,,,,,,,,,,,,
80700,3.8057427,2.612255,,,,,,,,,,,,,,
80727,,,0.6935985088348389,1.31609845161438,0.6403799653053284,1.5565621852874756,50000.0,0.5159000158309937,2.227991819381714,10000.0,27602.173454999924,28793.36282634735,27602.173454999924,1186.1337218284607,2.1961874961853027,0.0
80800,3.186782,2.594027,,,,,,,,,,,,,,
80900,3.2197895,2.6127136,,,,,,,,,,,,,,
81000,3.9755356,2.6346657,,,,,,,,,,,,,,
81100,3.7376852,2.6986678,,,,,,,,,,,,,,
81200,3.7114131,2.596869,,,,,,,,,,,,,,
81300,3.6791966,2.661083,,,,,,,,,,,,,,
81400,3.7972453,2.6458068,,,,,,,,,,,,,,
81500,3.2960463,2.6159215,,,,,,,,,,,,,,
81600,3.6405973,2.6732583,,,,,,,,,,,,,,
81700,3.5338178,2.553306,,,,,,,,,,,,,,
81800,3.4195848,2.577754,,,,,,,,,,,,,,
81900,3.366265,2.6093338,,,,,,,,,,,,,,
82000,3.3019605,2.5572743,,,,,,,,,,,,,,
82100,3.7870355,2.597661,,,,,,,,,,,,,,
82200,3.271799,2.63652,,,,,,,,,,,,,,
82226,,,0.6983617544174194,1.272911548614502,0.6490199565887451,1.5132209062576294,50000.0,0.5241000056266785,2.1754934787750244,10000.0,28112.37201690674,29320.604527950287,28112.37201690674,1203.0792782306671,2.2404656410217285,0.0
82300,3.314883,2.5948074,,,,,,,,,,,,,,
82400,3.397267,2.568122,,,,,,,,,,,,,,
82500,3.3690464,2.7132103,,,,,,,,,,,,,,
82600,3.2062078,2.6312134,,,,,,,,,,,,,,
82700,3.2477489,2.6140704,,,,,,,,,,,,,,
82800,3.4437041,2.7218075,,,,,,,,,,,,,,
82900,4.186679,2.620836,,,,,,,,,,,,,,
83000,3.8219454,2.60346,,,,,,,,,,,,,,
83100,3.2009048,2.6167085,,,,,,,,,,,,,,
83200,3.3198748,2.6454787,,,,,,,,,,,,,,
83300,3.7990878,2.6668167,,,,,,,,,,,,,,
83400,3.6144764,2.5575202,,,,,,,,,,,,,,
83500,3.249416,2.5387266,,,,,,,,,,,,,,
83600,3.5045307,2.5985985,,,,,,,,,,,,,,
83700,3.6347396,2.6168175,,,,,,,,,,,,,,
83723,,,0.7029455900192261,1.267365336418152,0.6530399918556213,1.4987776279449463,50000.0,0.5288000106811523,2.1479623317718506,10000.0,28622.347063303,29847.624259710312,28622.347063303,1220.0219430923462,2.2891221046447754,0.0
83800,3.7527394,2.5787988,,,,,,,,,,,,,,
83900,3.3179023,2.6864595,,,,,,,,,,,,,,
84000,3.5364342,2.598465,,,,,,,,,,,,,,
84100,3.3836417,2.7039049,,,,,,,,,,,,,,
84200,4.235064,2.641156,,,,,,,,,,,,,,
84300,3.9370587,2.5665956,,,,,,,,,,,,,,
84400,3.3982618,2.6690814,,,,,,,,,,,,,,
84500,3.4998248,2.6255608,,,,,,,,,,,,,,
84600,3.4327023,2.6311536,,,,,,,,,,,,,,
84700,3.456356,2.6175475,,,,,,,,,,,,,,
84800,3.4468365,2.5400393,,,,,,,,,,,,,,
84900,3.6311443,2.5123086,,,,,,,,,,,,,,
85000,3.4090245,2.6426044,,,,,,,,,,,,,,
85100,4.0061502,2.5708668,,,,,,,,,,,,,,
85200,3.2813177,2.732692,,,,,,,,,,,,,,
85221,,,0.7010323405265808,1.3164684772491455,0.6518200039863586,1.5380029678344729,50000.0,0.5241000056266785,2.2034575939178467,10000.0,29132.26270031929,30374.687626838684,29132.26270031929,1237.0732052326202,2.3321006298065186,0.0
85300,3.2833436,2.637492,,,,,,,,,,,,,,
85400,3.529331,2.6043344,,,,,,,,,,,,,,
85500,3.6840014,2.615376,,,,,,,,,,,,,,
85600,3.3830993,2.4953468,,,,,,,,,,,,,,
85700,3.8274872,2.5695305,,,,,,,,,,,,,,
85800,3.4500856,2.503375,,,,,,,,,,,,,,
85900,3.746724,2.6390133,,,,,,,,,,,,,,
86000,3.415854,2.515544,,,,,,,,,,,,,,
86100,3.6358697,2.6694427,,,,,,,,,,,,,,
86200,3.4639735,2.45462,,,,,,,,,,,,,,
86300,3.5530317,2.7365637,,,,,,,,,,,,,,
86400,3.7246296,2.6292343,,,,,,,,,,,,,,
86500,3.145779,2.5561178,,,,,,,,,,,,,,
86600,3.3449745,2.4991663,,,,,,,,,,,,,,
86700,3.9341075,2.6354914,,,,,,,,,,,,,,
86719,,,0.7372449040412903,1.1464287042617798,0.6467399597167969,1.5445177555084229,50000.0,0.5285000205039978,2.1922607421875,10000.0,29642.21284484864,30901.78774046898,29642.21284484864,1254.1243705749512,2.3772759437561035,0.0
86800,3.8435965,2.6988354,,,,,,,,,,,,,,
86900,3.4584825,2.6437316,,,,,,,,,,,,,,
87000,3.281912,2.5744574,,,,,,,,,,,,,,
87100,3.6782682,2.656376,,,,,,,,,,,,,,
87200,3.3915765,2.5334384,,,,,,,,,,,,,,
87300,3.8730597,2.6580315,,,,,,,,,,,,,,
87400,3.7306798,2.6568058,,,,,,,,,,,,,,
87500,3.4270077,2.62465,,,,,,,,,,,,,,
87600,3.3816762,2.6723676,,,,,,,,,,,,,,
87700,3.3797674,2.5790973,,,,,,,,,,,,,,
87800,3.362415,2.5575063,,,,,,,,,,,,,,
87900,3.6304278,2.6321282,,,,,,,,,,,,,,
88000,3.6740234,2.6300802,,,,,,,,,,,,,,
88100,3.7748902,2.586999,,,,,,,,,,,,,,
88200,3.5072742,2.6023061,,,,,,,,,,,,,,
88218,,,0.7223174571990967,1.1972228288650513,0.6564399600028992,1.5024110078811646,50000.0,0.5351000428199768,2.1712069511413574,10000.0,30152.391318798065,31429.068135738373,30152.391318798065,1271.1252748966217,2.4249520301818848,0.0
88300,3.5197265,2.5966947,,,,,,,,,,,,,,
88400,3.5190701,2.633917,,,,,,,,,,,,,,
88500,3.1785972,2.522616,,,,,,,,,,,,,,
88600,3.758392,2.5019329,,,,,,,,,,,,,,
88700,3.8319929,2.6726894,,,,,,,,,,,,,,
88800,4.2015357,2.5865588,,,,,,,,,,,,,,
88900,3.3874676,2.53717,,,,,,,,,,,,,,
89000,3.6115694,2.6229472,,,,,,,,,,,,,,
89100,3.8723323,2.6255352,,,,,,,,,,,,,,
89200,3.5802996,2.6370223,,,,,,,,,,,,,,
89300,3.8131788,2.5942843,,,,,,,,,,,,,,
89400,3.8152514,2.629637,,,,,,,,,,,,,,
89500,3.398116,2.5227427,,,,,,,,,,,,,,
89600,3.7406816,2.6300068,,,,,,,,,,,,,,
89700,3.5771623,2.5256515,,,,,,,,,,,,,,
89716,,,0.7180125713348389,1.2206634283065796,0.6587199568748474,1.4870402812957764,50000.0,0.5281000137329102,2.157893419265747,10000.0,30662.585795402527,31956.24300265312,30662.585795402527,1288.006098985672,2.470700740814209,0.0
89800,3.4883525,2.496803,,,,,,,,,,,,,,
89900,3.6765685,2.5442066,,,,,,,,,,,,,,
90000,3.4926972,2.604831,,,,,,,,,,,,,,
90100,3.5458515,2.5137215,,,,,,,,,,,,,,
90200,3.6652544,2.5439286,,,,,,,,,,,,,,
90300,3.7034347,2.541304,,,,,,,,,,,,,,
90400,4.076126,2.5135033,,,,,,,,,,,,,,
90500,3.7082407,2.639638,,,,,,,,,,,,,,
90600,3.7954452,2.6294646,,,,,,,,,,,,,,
90700,3.6995935,2.6774235,,,,,,,,,,,,,,
90800,3.3911312,2.5793347,,,,,,,,,,,,,,
90900,3.6395378,2.4758985,,,,,,,,,,,,,,
91000,4.149394,2.646159,,,,,,,,,,,,,,
91100,3.6825233,2.6088696,,,,,,,,,,,,,,
91200,4.116407,2.6585975,,,,,,,,,,,,,,
91214,,,0.7093231678009033,1.252537727355957,0.6521199941635132,1.516163349151611,50000.0,0.5228000283241272,2.196478366851806,10000.0,31172.602732896805,32483.260548353195,31172.602732896805,1304.8946058750153,2.529181718826294,0.0
91300,3.4735682,2.5601895,,,,,,,,,,,,,,
91400,3.7386642,2.6107495,,,,,,,,,,,,,,
91500,3.4820094,2.5092235,,,,,,,,,,,,,,
91600,3.4623556,2.6249304,,,,,,,,,,,,,,
91700,3.9541755,2.470061,,,,,,,,,,,,,,
91800,3.8674717,2.594696,,,,,,,,,,,,,,
91900,4.0309467,2.6028624,,,,,,,,,,,,,,
92000,3.602187,2.6205883,,,,,,,,,,,,,,
92100,3.435201,2.6112187,,,,,,,,,,,,,,
92200,3.5693493,2.5343106,,,,,,,,,,,,,,
92300,3.6539097,2.616172,,,,,,,,,,,,,,
92400,4.3155665,2.603144,,,,,,,,,,,,,,
92500,3.6177502,2.5491881,,,,,,,,,,,,,,
92600,3.696443,2.477187,,,,,,,,,,,,,,
92700,3.4697187,2.6130242,,,,,,,,,,,,,,
92712,,,0.7160794138908386,1.2386484146118164,0.6566399931907654,1.4923183917999268,50000.0,0.5306000113487244,2.150932788848877,10000.0,31682.62374925613,33010.72903704643,31682.62374925613,1322.2431213855743,2.5740537643432617,0.0
92800,3.902243,2.6023726,,,,,,,,,,,,,,
92900,3.9079359,2.6243796,,,,,,,,,,,,,,
93000,4.5282216,2.5302181,,,,,,,,,,,,,,
93100,3.352758,2.5734925,,,,,,,,,,,,,,
93200,3.8123703,2.5445523,,,,,,,,,,,,,,
93300,3.4703264,2.5158515,,,,,,,,,,,,,,
93400,3.8340464,2.4653325,,,,,,,,,,,,,,
93500,4.572077,2.5622156,,,,,,,,,,,,,,
93600,3.5513618,2.5639775,,,,,,,,,,,,,,
93700,3.7958503,2.560832,,,,,,,,,,,,,,
93800,4.2337856,2.5600054,,,,,,,,,,,,,,
93900,3.767678,2.4939256,,,,,,,,,,,,,,
94000,4.0767655,2.5805967,,,,,,,,,,,,,,
94100,3.4121122,2.6314077,,,,,,,,,,,,,,
94200,3.5427308,2.5225966,,,,,,,,,,,,,,
94210,,,0.7169363498687744,1.2371680736541748,0.6606000065803528,1.4807450771331787,50000.0,0.535800039768219,2.125389337539673,10000.0,32192.572322130203,33537.98212814331,32192.572322130203,1339.446858406067,2.6204333305358887,0.0
94300,3.6238923,2.5805569,,,,,,,,,,,,,,
94400,4.253318,2.6022282,,,,,,,,,,,,,,
94500,3.4507983,2.5479352,,,,,,,,,,,,,,
94600,4.0187464,2.5944853,,,,,,,,,,,,,,
94700,3.3760397,2.5107892,,,,,,,,,,,,,,
94800,3.5024781,2.504205,,,,,,,,,,,,,,
94900,3.6426713,2.569177,,,,,,,,,,,,,,
95000,3.5311966,2.5529218,,,,,,,,,,,,,,
95100,4.19119,2.5853522,,,,,,,,,,,,,,
95200,4.023149,2.553501,,,,,,,,,,,,,,
95300,4.0232196,2.559245,,,,,,,,,,,,,,
95400,3.732951,2.6155062,,,,,,,,,,,,,,
95500,4.1266847,2.5269856,,,,,,,,,,,,,,
95600,3.5978522,2.4524286,,,,,,,,,,,,,,
95700,3.8097417,2.5669436,,,,,,,,,,,,,,
95708,,,0.7204241156578064,1.2192882299423218,0.6627999544143677,1.4771137237548828,50000.0,0.5403000116348267,2.134824275970459,10000.0,32702.63245368004,34065.10312628746,32702.63245368004,1356.4075140953064,2.666349172592163,0.0
95800,4.113051,2.5473402,,,,,,,,,,,,,,
95900,3.7632194,2.5350773,,,,,,,,,,,,,,
96000,3.9858696,2.576723,,,,,,,,,,,,,,
96100,3.3826299,2.5220964,,,,,,,,,,,,,,
96200,4.2781296,2.5250983,,,,,,,,,,,,,,
96300,4.207514,2.5931635,,,,,,,,,,,,,,
96400,3.8888714,2.5127435,,,,,,,,,,,,,,
96500,3.9856207,2.512914,,,,,,,,,,,,,,
96600,4.120164,2.5707903,,,,,,,,,,,,,,
96700,3.8847175,2.4852195,,,,,,,,,,,,,,
96800,3.998428,2.5425935,,,,,,,,,,,,,,
96900,4.2295847,2.494993,,,,,,,,,,,,,,
97000,3.695964,2.5408115,,,,,,,,,,,,,,
97100,3.8557317,2.520735,,,,,,,,,,,,,,
97200,3.7685907,2.5280318,,,,,,,,,,,,,,
97206,,,0.7478276491165161,1.0942518711090088,0.6651399731636047,1.4483429193496704,50000.0,0.5437999963760376,2.094928503036499,10000.0,33212.76669406891,34592.29403805733,33212.76669406891,1373.364548444748,2.71175479888916,0.0
97300,3.5746486,2.529839,,,,,,,,,,,,,,
97400,3.3460658,2.5134163,,,,,,,,,,,,,,
97500,4.2811265,2.5279875,,,,,,,,,,,,,,
97600,4.483863,2.559429,,,,,,,,,,,,,,
97700,3.368345,2.442807,,,,,,,,,,,,,,
97800,3.7127385,2.466889,,,,,,,,,,,,,,
97900,3.9657338,2.565362,,,,,,,,,,,,,,
98000,4.057853,2.598563,,,,,,,,,,,,,,
98100,3.7951977,2.5095887,,,,,,,,,,,,,,
98200,3.59559,2.522566,,,,,,,,,,,,,,
98300,4.016889,2.5049207,,,,,,,,,,,,,,
98400,3.9515204,2.4896712,,,,,,,,,,,,,,
98500,3.6024592,2.5196896,,,,,,,,,,,,,,
98600,4.223702,2.4929423,,,,,,,,,,,,,,
98700,3.7762506,2.4219878,,,,,,,,,,,,,,
98705,,,0.7247289419174194,1.226277232170105,0.6614399552345276,1.5025631189346311,50000.0,0.5333000421524048,2.16228985786438,10000.0,33722.97373557091,35119.55272889137,33722.97373557091,1390.314504623413,2.759601354598999,0.0
98800,3.8069298,2.580614,,,,,,,,,,,,,,
98900,3.8102155,2.5830674,,,,,,,,,,,,,,
99000,3.638962,2.505702,,,,,,,,,,,,,,
99100,3.8509042,2.5508232,,,,,,,,,,,,,,
99200,3.9957254,2.6267822,,,,,,,,,,,,,,
99300,4.1875205,2.5747583,,,,,,,,,,,,,,
99400,3.6337316,2.510582,,,,,,,,,,,,,,
99500,3.7339408,2.4914067,,,,,,,,,,,,,,
99600,3.9304314,2.5028205,,,,,,,,,,,,,,
99700,3.6554458,2.5032094,,,,,,,,,,,,,,
99800,4.0107737,2.6042438,,,,,,,,,,,,,,
99900,3.7959063,2.5281906,,,,,,,,,,,,,,
100000,4.077814,2.6602478,,,,,,,,,,,,,,
100100,4.180798,2.492724,,,,,,,,,,,,,,
100200,3.7645757,2.4177797,,,,,,,,,,,,,,
100203,,,0.7332389950752258,1.1547513008117676,0.6688399910926819,1.4445818662643433,50000.0,0.5419000387191772,2.099371910095215,10000.0,34232.9579808712,35646.577006816864,34232.9579808712,1407.2479088306427,2.812131881713867,0.0
100300,4.4308205,2.5049589,,,,,,,,,,,,,,
100400,4.3713603,2.5301294,,,,,,,,,,,,,,
100500,3.8431647,2.5108411,,,,,,,,,,,,,,
100600,3.8577871,2.5217931,,,,,,,,,,,,,,
100700,4.1266155,2.5825644,,,,,,,,,,,,,,
100800,4.469334,2.5170732,,,,,,,,,,,,,,
100900,3.5620234,2.4610634,,,,,,,,,,,,,,
101000,3.8723445,2.4849896,,,,,,,,,,,,,,
101100,4.6972957,2.5991046,,,,,,,,,,,,,,
101200,4.2307777,2.5072572,,,,,,,,,,,,,,
101300,3.6973987,2.5872402,,,,,,,,,,,,,,
101400,3.961343,2.5357058,,,,,,,,,,,,,,
101500,4.121472,2.48971,,,,,,,,,,,,,,
101600,4.2391467,2.467625,,,,,,,,,,,,,,
101700,3.7684336,2.4428077,,,,,,,,,,,,,,
101701,,,0.7266820669174194,1.179669737815857,0.6692599654197693,1.4474025964736938,50000.0,0.5433000326156616,2.1058666706085205,10000.0,34743.0035238266,36173.71020579338,34743.0035238266,1424.2321360111237,2.861523151397705,0.0
101800,4.6570535,2.4955735,,,,,,,,,,,,,,
101900,3.6322708,2.4898152,,,,,,,,,,,,,,
102000,4.5849066,2.5668836,,,,,,,,,,,,,,
102100,3.9130445,2.563267,,,,,,,,,,,,,,
102200,3.8554933,2.50933,,,,,,,,,,,,,,
102300,4.4625134,2.6415517,,,,,,,,,,,,,,
102400,3.8572538,2.5151505,,,,,,,,,,,,,,
102500,3.963958,2.4636304,,,,,,,,,,,,,,
102600,4.1786394,2.5299518,,,,,,,,,,,,,,
102700,4.2146583,2.42118,,,,,,,,,,,,,,
102800,4.138444,2.5087223,,,,,,,,,,,,,,
102900,3.8719738,2.5874841,,,,,,,,,,,,,,
103000,4.206916,2.482645,,,,,,,,,,,,,,
103100,3.7833703,2.4579206,,,,,,,,,,,,,,
103200,,,0.7167370915412903,1.221054196357727,0.6613399982452393,1.4774090051651,50000.0,0.5333000421524048,2.126660823822021,10000.0,35253.21801495552,36701.073518276215,35253.21801495552,1441.278024435043,2.910360336303711,0.0
103200,4.256469,2.4601212,,,,,,,,,,,,,,
103300,3.7836313,2.5236428,,,,,,,,,,,,,,
103400,3.6002846,2.5384984,,,,,,,,,,,,,,
103500,4.4406314,2.4452927,,,,,,,,,,,,,,
103600,3.666838,2.4769146,,,,,,,,,,,,,,
103700,3.8915837,2.4722621,,,,,,,,,,,,,,
103800,3.514354,2.4263625,,,,,,,,,,,,,,
103900,3.9748547,2.5341752,,,,,,,,,,,,,,
104000,4.066536,2.540474,,,,,,,,,,,,,,
104100,4.0141478,2.4968529,,,,,,,,,,,,,,
104200,4.1613817,2.5163496,,,,,,,,,,,,,,
104300,5.2266345,2.4091349,,,,,,,,,,,,,,
104400,4.2713957,2.433546,,,,,,,,,,,,,,
104500,3.8300803,2.5184128,,,,,,,,,,,,,,
104600,3.5756326,2.4683096,,,,,,,,,,,,,,
104699,,,0.7281369566917419,1.163535237312317,0.6710399985313416,1.4129838943481443,50000.0,0.5450000166893005,2.072237014770508,10000.0,35763.42217254639,37228.36550593376,35763.42217254639,1458.2615830898285,2.960458278656006,0.0
104700,4.245947,2.4993308,,,,,,,,,,,,,,
104800,4.182244,2.5170841,,,,,,,,,,,,,,
104900,4.207471,2.5573704,,,,,,,,,,,,,,
105000,4.3553944,2.4963143,,,,,,,,,,,,,,
105100,3.9982328,2.5874014,,,,,,,,,,,,,,
105200,4.1836586,2.4563367,,,,,,,,,,,,,,
105300,3.7259574,2.3988707,,,,,,,,,,,,,,
105400,4.310368,2.476277,,,,,,,,,,,,,,
105500,3.9730144,2.5755277,,,,,,,,,,,,,,
105600,4.5794954,2.399485,,,,,,,,,,,,,,
105700,4.2498236,2.5323699,,,,,,,,,,,,,,
105800,4.562212,2.5330734,,,,,,,,,,,,,,
105900,3.5199807,2.492855,,,,,,,,,,,,,,
106000,3.997834,2.3917923,,,,,,,,,,,,,,
106100,4.1138873,2.6033103,,,,,,,,,,,,,,
106198,,,0.7674784660339355,0.9995680451393129,0.6764199733734131,1.39457905292511,50000.0,0.5514000058174133,2.059880495071411,10000.0,36273.50645112991,37755.57504558563,36273.50645112991,1475.2825524806976,3.010406970977783,0.0
106200,5.5081635,2.4118278,,,,,,,,,,,,,,
106300,3.9908981,2.4534237,,,,,,,,,,,,,,
106400,4.1534314,2.4573927,,,,,,,,,,,,,,
106500,4.8593707,2.3928242,,,,,,,,,,,,,,
106600,5.107178,2.450426,,,,,,,,,,,,,,
106700,4.2499895,2.4627187,,,,,,,,,,,,,,
106800,3.8875844,2.5530949,,,,,,,,,,,,,,
106900,4.209122,2.5242567,,,,,,,,,,,,,,
107000,4.1609254,2.4568992,,,,,,,,,,,,,,
107100,4.414629,2.4858415,,,,,,,,,,,,,,
107200,4.747192,2.4554343,,,,,,,,,,,,,,
107300,4.061039,2.396898,,,,,,,,,,,,,,
107400,4.148427,2.4728436,,,,,,,,,,,,,,
107500,4.2007213,2.5076544,,,,,,,,,,,,,,
107600,4.1171207,2.5501208,,,,,,,,,,,,,,
107696,,,0.7580516338348389,1.05096173286438,0.6836400032043457,1.3850287199020386,50000.0,0.5596000552177429,2.036322116851806,10000.0,36783.637821912766,38282.93343782425,36783.637821912766,1492.4060549736023,3.059919834136963,0.0
107700,4.1328487,2.5039682,,,,,,,,,,,,,,
107800,4.432289,2.552674,,,,,,,,,,,,,,
107900,4.6772566,2.4881887,,,,,,,,,,,,,,
108000,3.9871314,2.477384,,,,,,,,,,,,,,
108100,4.219673,2.506312,,,,,,,,,,,,,,
108200,4.059789,2.5712354,,,,,,,,,,,,,,
108300,4.607808,2.4613655,,,,,,,,,,,,,,
108400,4.3841424,2.4048123,,,,,,,,,,,,,,
108500,4.374252,2.4650552,,,,,,,,,,,,,,
108600,3.9400795,2.465038,,,,,,,,,,,,,,
108700,4.053576,2.472138,,,,,,,,,,,,,,
108800,4.0214887,2.4979177,,,,,,,,,,,,,,
108900,3.7463655,2.4332147,,,,,,,,,,,,,,
109000,3.930046,2.460345,,,,,,,,,,,,,,
109100,4.3450637,2.5045373,,,,,,,,,,,,,,
109194,,,0.7385801672935486,1.1318522691726685,0.6736599802970886,1.4337176084518433,50000.0,0.5525000095367432,2.0678985118865967,10000.0,37293.75063538551,38810.31797885895,37293.75063538551,1509.5765233039856,3.107121467590332,0.0
109200,3.8336802,2.370492,,,,,,,,,,,,,,
109300,4.1920285,2.4926152,,,,,,,,,,,,,,
109400,4.2489495,2.4562066,,,,,,,,,,,,,,
109500,4.173643,2.4846056,,,,,,,,,,,,,,
109600,4.094763,2.4705455,,,,,,,,,,,,,,
109700,3.9463623,2.3793073,,,,,,,,,,,,,,
109800,4.03773,2.41473,,,,,,,,,,,,,,
109900,4.2842574,2.3959947,,,,,,,,,,,,,,
110000,4.6529603,2.4264224,,,,,,,,,,,,,,
110100,4.124916,2.3575883,,,,,,,,,,,,,,
110200,4.099772,2.3589153,,,,,,,,,,,,,,
110300,4.1065326,2.4472413,,,,,,,,,,,,,,
110400,4.77114,2.4595878,,,,,,,,,,,,,,
110500,4.4099545,2.471744,,,,,,,,,,,,,,
110600,4.78448,2.436984,,,,,,,,,,,,,,
110692,,,0.7485650181770325,1.0800487995147705,0.6789999604225159,1.3848475217819214,50000.0,0.5582000017166138,2.010310173034668,10000.0,37803.86975550652,39337.58669543266,37803.86975550652,1526.622313499451,3.157153367996216,0.0
110700,3.7784414,2.404094,,,,,,,,,,,,,,
110800,4.516592,2.4647033,,,,,,,,,,,,,,
110900,3.8757136,2.357521,,,,,,,,,,,,,,
111000,3.914152,2.4791288,,,,,,,,,,,,,,
111100,4.2036824,2.4577491,,,,,,,,,,,,,,
111200,4.294124,2.443402,,,,,,,,,,,,,,
111300,5.6302977,2.4806721,,,,,,,,,,,,,,
111400,4.1390247,2.4540513,,,,,,,,,,,,,,
111500,4.0585604,2.517986,,,,,,,,,,,,,,
111600,5.363079,2.3991275,,,,,,,,,,,,,,
111700,4.2324586,2.3512232,,,,,,,,,,,,,,
111800,4.020217,2.4360218,,,,,,,,,,,,,,
111900,4.333382,2.3205879,,,,,,,,,,,,,,
112000,3.7913287,2.4314303,,,,,,,,,,,,,,
112100,4.6897454,2.4292443,,,,,,,,,,,,,,
112190,,,0.747468888759613,1.0895382165908811,0.6851800084114075,1.3687448501586914,50000.0,0.5587000250816345,2.0122947692871094,10000.0,38313.89999318123,39864.82956695557,38313.89999318123,1543.705896615982,3.232349395751953,0.0
112200,4.6235285,2.3686318,,,,,,,,,,,,,,
112300,4.07797,2.4264102,,,,,,,,,,,,,,
112400,3.9740922,2.477304,,,,,,,,,,,,,,
112500,4.3039002,2.459069,,,,,,,,,,,,,,
112600,4.8693013,2.3381486,,,,,,,,,,,,,,
112700,4.471955,2.43558,,,,,,,,,,,,,,
112800,4.369233,2.3756266,,,,,,,,,,,,,,
112900,4.5616775,2.4358792,,,,,,,,,,,,,,
113000,4.4986897,2.4531753,,,,,,,,,,,,,,
113100,4.321159,2.4682689,,,,,,,,,,,,,,
113200,4.1588283,2.5045407,,,,,,,,,,,,,,
113300,4.4368773,2.384647,,,,,,,,,,,,,,
113400,4.2717943,2.3861415,,,,,,,,,,,,,,
113500,4.2695174,2.4342828,,,,,,,,,,,,,,
113600,4.5213137,2.405801,,,,,,,,,,,,,,
113688,,,0.7471699714660645,1.0808714628219604,0.6875999569892883,1.3588944673538208,50000.0,0.565500020980835,1.9951993227005005,10000.0,38823.90956497192,40391.93627405167,38823.90956497192,1560.6937308311462,3.2874677181243896,0.0
113700,4.9088554,2.432943,,,,,,,,,,,,,,
113800,4.250379,2.371861,,,,,,,,,,,,,,
113900,4.182478,2.5113902,,,,,,,,,,,,,,
114000,4.750932,2.3999758,,,,,,,,,,,,,,
114100,4.577459,2.3618753,,,,,,,,,,,,,,
114200,4.6392255,2.4550178,,,,,,,,,,,,,,
114300,4.8622,2.3451107,,,,,,,,,,,,,,
114400,4.3218074,2.4418025,,,,,,,,,,,,,,
114500,4.838398,2.4910007,,,,,,,,,,,,,,
114600,4.6964326,2.5154693,,,,,,,,,,,,,,
114700,3.9433484,2.3952599,,,,,,,,,,,,,,
114800,4.9867887,2.4511206,,,,,,,,,,,,,,
114900,4.257085,2.3953774,,,,,,,,,,,,,,
115000,4.7580996,2.4171522,,,,,,,,,,,,,,
115100,4.8309665,2.4963498,,,,,,,,,,,,,,
115186,,,0.7774234414100647,0.9791130423545836,0.6802799701690674,1.3935009241104126,50000.0,0.5599000453948975,2.0336151123046875,10000.0,39333.901557683945,40919.083723306656,39333.901557683945,1577.7417006492617,3.3415679931640625,0.0
115200,4.536021,2.3935084,,,,,,,,,,,,,,
115300,4.106061,2.4471958,,,,,,,,,,,,,,
115400,4.3618326,2.462802,,,,,,,,,,,,,,
115500,4.163245,2.4251056,,,,,,,,,,,,,,
115600,4.277969,2.352724,,,,,,,,,,,,,,
115700,4.378566,2.357779,,,,,,,,,,,,,,
115800,4.261651,2.3561926,,,,,,,,,,,,,,
115900,4.607736,2.425283,,,,,,,,,,,,,,
116000,3.8957171,2.3548553,,,,,,,,,,,,,,
116100,4.470261,2.3013132,,,,,,,,,,,,,,
116200,4.943549,2.339909,,,,,,,,,,,,,,
116300,4.5580525,2.4175513,,,,,,,,,,,,,,
116400,4.3837023,2.4383667,,,,,,,,,,,,,,
116500,4.6932306,2.416972,,,,,,,,,,,,,,
116600,4.440452,2.3098059,,,,,,,,,,,,,,
116684,,,0.7647879123687744,1.0103585720062256,0.685920000076294,1.36134672164917,50000.0,0.5616000294685364,1.9981085062026973,10000.0,39843.82097506523,41445.98892378807,39843.82097506523,1594.6229202747345,3.3920719623565674,0.0
116700,4.489937,2.4184296,,,,,,,,,,,,,,
116800,4.5157022,2.4581132,,,,,,,,,,,,,,
116900,3.9361844,2.4490733,,,,,,,,,,,,,,
117000,4.569074,2.397929,,,,,,,,,,,,,,
117100,4.9122877,2.4190156,,,,,,,,,,,,,,
117200,4.8096266,2.4356728,,,,,,,,,,,,,,
117300,5.3761625,2.3599033,,,,,,,,,,,,,,
117400,4.040964,2.3105168,,,,,,,,,,,,,,
117500,4.609103,2.3906007,,,,,,,,,,,,,,
117600,4.676882,2.5107515,,,,,,,,,,,,,,
117700,4.6242895,2.295103,,,,,,,,,,,,,,
117800,4.6065464,2.4016871,,,,,,,,,,,,,,
117900,4.7134886,2.416593,,,,,,,,,,,,,,
118000,4.6051164,2.3200421,,,,,,,,,,,,,,
118100,4.2790513,2.4062943,,,,,,,,,,,,,,
118182,,,0.7630341053009033,1.0269027948379517,0.6901599764823914,1.3441951274871826,50000.0,0.5667000412940979,1.964743614196777,10000.0,40353.98857212067,41973.28800749779,40353.98857212067,1611.65030169487,3.4422836303710938,0.0
118200,4.4559054,2.4217527,,,,,,,,,,,,,,
118300,4.4029255,2.3634875,,,,,,,,,,,,,,
118400,4.5430317,2.3139217,,,,,,,,,,,,,,
118500,5.032534,2.4346142,,,,,,,,,,,,,,
118600,4.798744,2.365333,,,,,,,,,,,,,,
118700,4.8870506,2.4317842,,,,,,,,,,,,,,
118800,4.296089,2.328868,,,,,,,,,,,,,,
118900,4.7444077,2.3395393,,,,,,,,,,,,,,
119000,4.2009363,2.4060366,,,,,,,,,,,,,,
119100,4.858867,2.3997757,,,,,,,,,,,,,,
119200,4.777984,2.400064,,,,,,,,,,,,,,
119300,4.632812,2.3784394,,,,,,,,,,,,,,
119400,4.6140184,2.453274,,,,,,,,,,,,,,
119500,5.0195456,2.3445587,,,,,,,,,,,,,,
119600,5.0340223,2.3256783,,,,,,,,,,,,,,
119680,,,0.7624163031578064,1.0088647603988647,0.6929000020027161,1.325102925300598,50000.0,0.5699000358581543,1.9550902843475344,10000.0,40864.07387590408,42500.51215362549,40864.07387590408,1628.6827158927915,3.495208263397217,0.0
119700,4.895361,2.384142,,,,,,,,,,,,,,
119800,4.2110314,2.3379288,,,,,,,,,,,,,,
119900,5.821456,2.4617825,,,,,,,,,,,,,,
120000,4.898065,2.3100333,,,,,,,,,,,,,,
120100,4.381446,2.3673687,,,,,,,,,,,,,,
120200,4.864676,2.3724823,,,,,,,,,,,,,,
120300,4.3497114,2.3787825,,,,,,,,,,,,,,
120400,4.6296096,2.3085966,,,,,,,,,,,,,,
120500,4.9594045,2.4018433,,,,,,,,,,,,,,
120600,4.5688,2.4011588,,,,,,,,,,,,,,
120700,4.483457,2.3480275,,,,,,,,,,,,,,
120800,5.4609127,2.271127,,,,,,,,,,,,,,
120900,4.9491415,2.3981466,,,,,,,,,,,,,,
121000,5.301143,2.3244498,,,,,,,,,,,,,,
121100,4.8854003,2.3980656,,,,,,,,,,,,,,
121178,,,0.7595463991165161,1.0432543754577637,0.6942200064659119,1.3337445259094238,50000.0,0.5703999996185303,1.9687854051589968,10000.0,41374.25377011299,43027.92065048218,41374.25377011299,1645.8043682575226,3.548361301422119,0.0
121200,4.898352,2.3261497,,,,,,,,,,,,,,
121300,5.0662994,2.3784547,,,,,,,,,,,,,,
121400,5.0370326,2.3266711,,,,,,,,,,,,,,
121500,4.6634927,2.3503928,,,,,,,,,,,,,,
121600,4.5193954,2.3293512,,,,,,,,,,,,,,
121700,4.757143,2.344356,,,,,,,,,,,,,,
121800,4.5767407,2.3676944,,,,,,,,,,,,,,
121900,4.6710896,2.3506656,,,,,,,,,,,,,,
122000,4.646188,2.3048522,,,,,,,,,,,,,,
122100,4.763047,2.3119597,,,,,,,,,,,,,,
122200,4.5644445,2.3098643,,,,,,,,,,,,,,
122300,4.9867697,2.3380609,,,,,,,,,,,,,,
122400,5.005637,2.3535392,,,,,,,,,,,,,,
122500,4.693937,2.368393,,,,,,,,,,,,,,
122600,4.6620364,2.3241732,,,,,,,,,,,,,,
122676,,,0.7665417790412903,1.0145615339279177,0.6960799694061279,1.315761685371399,50000.0,0.5729000568389893,1.9593311548233032,10000.0,41884.35647058487,43555.262550354,41884.35647058487,1662.937546491623,3.6004388332366943,0.0
122700,4.6286354,2.274086,,,,,,,,,,,,,,
122800,5.4749494,2.3929172,,,,,,,,,,,,,,
122900,4.3510847,2.3542745,,,,,,,,,,,,,,
123000,4.814717,2.4552488,,,,,,,,,,,,,,
123100,4.871172,2.3182092,,,,,,,,,,,,,,
123200,4.807942,2.320163,,,,,,,,,,,,,,
123300,4.7509317,2.3114126,,,,,,,,,,,,,,
123400,4.6373577,2.3432598,,,,,,,,,,,,,,
123500,4.7638273,2.3950224,,,,,,,,,,,,,,
123600,4.6960983,2.4210775,,,,,,,,,,,,,,
123700,4.9601,2.3890684,,,,,,,,,,,,,,
123800,4.6343884,2.373109,,,,,,,,,,,,,,
123900,5.392079,2.3983445,,,,,,,,,,,,,,
124000,4.5370064,2.3444755,,,,,,,,,,,,,,
124100,4.9312243,2.3399854,,,,,,,,,,,,,,
124174,,,0.7763671875,0.959687888622284,0.7008799910545349,1.2980163097381592,50000.0,0.5774000287055969,1.9309219121932983,10000.0,42394.44501376152,44082.47868490219,42394.44501376152,1679.9594967365265,3.6523170471191406,0.0
124200,4.8002863,2.248571,,,,,,,,,,,,,,
124300,4.6265726,2.3554213,,,,,,,,,,,,,,
124400,5.1585326,2.2664335,,,,,,,,,,,,,,
124500,4.8684607,2.283245,,,,,,,,,,,,,,
124600,4.9981823,2.3327496,,,,,,,,,,,,,,
124700,5.1816425,2.292665,,,,,,,,,,,,,,
124800,5.137572,2.3467598,,,,,,,,,,,,,,
124900,4.923008,2.2643933,,,,,,,,,,,,,,
125000,4.516981,2.3019314,,,,,,,,,,,,,,
125100,5.251377,2.2418642,,,,,,,,,,,,,,
125200,4.8542185,2.3643875,,,,,,,,,,,,,,
125300,5.529503,2.3162007,,,,,,,,,,,,,,
125400,5.7454257,2.3550277,,,,,,,,,,,,,,
125500,5.2453704,2.4245195,,,,,,,,,,,,,,
125600,5.406935,2.2945852,,,,,,,,,,,,,,
125672,,,0.7946029901504517,0.898810625076294,0.703220009803772,1.2912262678146362,50000.0,0.5830000042915344,1.919607162475586,10000.0,42904.43151855469,44609.62185263634,42904.43151855469,1697.0078008174896,3.705968618392944,0.0
125700,5.111283,2.4009829,,,,,,,,,,,,,,
125800,4.92857,2.3286638,,,,,,,,,,,,,,
125900,5.2158766,2.3636222,,,,,,,,,,,,,,
126000,4.752662,2.3801808,,,,,,,,,,,,,,
126100,4.557629,2.350889,,,,,,,,,,,,,,
126200,4.8337555,2.357148,,,,,,,,,,,,,,
126300,4.8169165,2.3459432,,,,,,,,,,,,,,
126400,4.851616,2.244865,,,,,,,,,,,,,,
126500,4.517532,2.381993,,,,,,,,,,,,,,
126600,5.3272796,2.3492346,,,,,,,,,,,,,,
126700,4.6209474,2.2472308,,,,,,,,,,,,,,
126800,4.6850824,2.250988,,,,,,,,,,,,,,
126900,5.584788,2.3763423,,,,,,,,,,,,,,
127000,4.871582,2.3287811,,,,,,,,,,,,,,
127100,5.54606,2.4694302,,,,,,,,,,,,,,
127169,,,0.785554826259613,0.9178665280342102,0.7044599652290344,1.268617868423462,50000.0,0.5768000483512878,1.9342743158340447,10000.0,43414.46130371094,45137.17931318283,43414.46130371094,1714.429478406906,3.7570106983184814,0.0
127200,4.9348273,2.2593842,,,,,,,,,,,,,,
127300,4.779066,2.302219,,,,,,,,,,,,,,
127400,5.2402163,2.3115053,,,,,,,,,,,,,,
127500,5.2031193,2.2300992,,,,,,,,,,,,,,
127600,4.5538955,2.2951293,,,,,,,,,,,,,,
127700,5.557783,2.2663796,,,,,,,,,,,,,,
127800,4.3920274,2.287918,,,,,,,,,,,,,,
127900,5.216542,2.4113393,,,,,,,,,,,,,,
128000,5.1209073,2.3280134,,,,,,,,,,,,,,
128100,5.1245995,2.2318678,,,,,,,,,,,,,,
128200,4.9286246,2.3607032,,,,,,,,,,,,,,
128300,5.314327,2.2914252,,,,,,,,,,,,,,
128400,5.297499,2.3218074,,,,,,,,,,,,,,
128500,4.955158,2.2086594,,,,,,,,,,,,,,
128600,4.50332,2.2491138,,,,,,,,,,,,,,
128668,,,0.7869698405265808,0.9100733399391174,0.7069399952888489,1.2624835968017578,50000.0,0.5774000287055969,1.8902270793914795,10000.0,43924.55926847458,45664.215126276016,43924.55926847458,1731.2577373981476,3.8129899501800537,0.0
128700,4.8214965,2.28361,,,,,,,,,,,,,,
128800,4.9732413,2.297945,,,,,,,,,,,,,,
128900,5.0010185,2.2977552,,,,,,,,,,,,,,
129000,5.107346,2.2979918,,,,,,,,,,,,,,
129100,4.8441606,2.2980964,,,,,,,,,,,,,,
129200,5.1030807,2.2739034,,,,,,,,,,,,,,
129300,4.92868,2.2899427,,,,,,,,,,,,,,
129400,5.37183,2.2643614,,,,,,,,,,,,,,
129500,4.951029,2.261969,,,,,,,,,,,,,,
129600,5.8021483,2.3219693,,,,,,,,,,,,,,
129700,5.7156525,2.275319,,,,,,,,,,,,,,
129800,4.9412823,2.2928073,,,,,,,,,,,,,,
129900,5.387947,2.264408,,,,,,,,,,,,,,
130000,5.2840986,2.2717984,,,,,,,,,,,,,,
130100,4.8864946,2.2777832,,,,,,,,,,,,,,
130167,,,0.7832629084587097,0.938675045967102,0.7076799869537354,1.2693917751312256,50000.0,0.5855000019073486,1.8961318731307983,10000.0,44434.77119731903,46191.52692294121,44434.77119731903,1748.2526218891144,3.863816499710083,0.0
130200,5.464429,2.3580253,,,,,,,,,,,,,,
130300,5.477347,2.2473886,,,,,,,,,,,,,,
130400,5.1543674,2.2841578,,,,,,,,,,,,,,
130500,5.414438,2.3462913,,,,,,,,,,,,,,
130600,4.9705896,2.2757986,,,,,,,,,,,,,,
130700,5.364225,2.309353,,,,,,,,,,,,,,
130800,5.0709405,2.349943,,,,,,,,,,,,,,
130900,5.0638924,2.344516,,,,,,,,,,,,,,
131000,4.7721376,2.255582,,,,,,,,,,,,,,
131100,5.275681,2.3189447,,,,,,,,,,,,,,
131200,5.6404986,2.2523155,,,,,,,,,,,,,,
131300,4.9695163,2.2725391,,,,,,,,,,,,,,
131400,5.856341,2.252513,,,,,,,,,,,,,,
131500,5.079212,2.339364,,,,,,,,,,,,,,
131600,4.72689,2.2674284,,,,,,,,,,,,,,
131665,,,0.791015625,0.9163721799850464,0.7128199934959412,1.2482290267944336,50000.0,0.5905000567436218,1.859197020530701,10000.0,44944.89721012116,46718.87201595306,44944.89721012116,1765.362024307251,3.919648170471192,0.0
131700,5.120446,2.2509193,,,,,,,,,,,,,,
131800,5.0173125,2.247432,,,,,,,,,,,,,,
131900,5.3620496,2.2808793,,,,,,,,,,,,,,
132000,5.261619,2.230376,,,,,,,,,,,,,,
132100,4.7184253,2.3013449,,,,,,,,,,,,,,
132200,4.9414434,2.2460077,,,,,,,,,,,,,,
132300,5.2900205,2.1749604,,,,,,,,,,,,,,
132400,4.985621,2.2416306,,,,,,,,,,,,,,
132500,5.463553,2.2284722,,,,,,,,,,,,,,
132600,5.3220606,2.2640264,,,,,,,,,,,,,,
132700,5.195688,2.2615144,,,,,,,,,,,,,,
132800,5.7276096,2.3817487,,,,,,,,,,,,,,
132900,5.861261,2.237259,,,,,,,,,,,,,,
133000,5.397651,2.2867439,,,,,,,,,,,,,,
133100,5.414756,2.227389,,,,,,,,,,,,,,
133163,,,0.7838209271430969,0.9223323464393616,0.706820011138916,1.2578014135360718,50000.0,0.5823000073432922,1.8930995464324951,10000.0,45454.97682690621,47245.9776904583,45454.97682690621,1782.2881677150726,3.965609550476074,0.0
133200,5.9147453,2.2062242,,,,,,,,,,,,,,
133300,4.90626,2.2010763,,,,,,,,,,,,,,
133400,5.4146094,2.3241453,,,,,,,,,,,,,,
133500,4.8235164,2.2591317,,,,,,,,,,,,,,
133600,5.286992,2.2743464,,,,,,,,,,,,,,
133700,5.6550856,2.3274775,,,,,,,,,,,,,,
133800,5.559378,2.2024822,,,,,,,,,,,,,,
133900,5.591311,2.2786715,,,,,,,,,,,,,,
134000,6.427932,2.2336414,,,,,,,,,,,,,,
134100,5.5092177,2.2978864,,,,,,,,,,,,,,
134200,4.8981643,2.2022772,,,,,,,,,,,,,,
134300,5.7115803,2.2534842,,,,,,,,,,,,,,
134400,5.350296,2.2508569,,,,,,,,,,,,,,
134500,5.0202837,2.2891855,,,,,,,,,,,,,,
134600,6.0317,2.2441425,,,,,,,,,,,,,,
134661,,,0.8153101205825806,0.7886341214179993,0.7109400033950806,1.2330210208892822,50000.0,0.5800999999046326,1.8959757089614868,10000.0,45965.13924121857,47773.24420213699,45965.13924121857,1799.2847900390625,4.019379854202271,0.0
134700,5.3447123,2.2147615,,,,,,,,,,,,,,
134800,5.73425,2.2249312,,,,,,,,,,,,,,
134900,5.141466,2.2435155,,,,,,,,,,,,,,
135000,5.424196,2.2003403,,,,,,,,,,,,,,
135100,5.366456,2.2600393,,,,,,,,,,,,,,
135200,5.3129234,2.1954334,,,,,,,,,,,,,,
135300,5.059684,2.2453184,,,,,,,,,,,,,,
135400,5.751911,2.2227972,,,,,,,,,,,,,,
135500,5.0665846,2.1990156,,,,,,,,,,,,,,
135600,6.286919,2.225172,,,,,,,,,,,,,,
135700,5.499193,2.1749325,,,,,,,,,,,,,,
135800,5.794381,2.2526753,,,,,,,,,,,,,,
135900,5.697578,2.2415884,,,,,,,,,,,,,,
136000,5.503858,2.199112,,,,,,,,,,,,,,
136100,5.425327,2.346255,,,,,,,,,,,,,,
136159,,,0.8098692297935486,0.8383351564407349,0.7149999737739563,1.240863800048828,50000.0,0.5892000198364258,1.891109824180603,10000.0,46475.26736617088,48300.62359499931,46475.26736617088,1816.4298267364504,4.071712255477905,0.0
136200,5.1363025,2.236272,,,,,,,,,,,,,,
136300,5.4242,2.2067451,,,,,,,,,,,,,,
136400,5.605852,2.221797,,,,,,,,,,,,,,
136500,5.642104,2.2207963,,,,,,,,,,,,,,
136600,5.7875953,2.2778478,,,,,,,,,,,,,,
136700,5.726985,2.2327335,,,,,,,,,,,,,,
136800,5.475602,2.146512,,,,,,,,,,,,,,
136900,5.6928983,2.2283974,,,,,,,,,,,,,,
137000,5.489313,2.2081559,,,,,,,,,,,,,,
137100,5.3444467,2.218849,,,,,,,,,,,,,,
137200,5.5349417,2.1948624,,,,,,,,,,,,,,
137300,5.423354,2.208766,,,,,,,,,,,,,,
137400,5.9911976,2.171984,,,,,,,,,,,,,,
137500,5.573263,2.201469,,,,,,,,,,,,,,
137600,6.061596,2.2573876,,,,,,,,,,,,,,
137657,,,0.8074377775192261,0.8468791842460632,0.717199981212616,1.2245213985443115,50000.0,0.5954000353813171,1.8492460250854488,10000.0,46985.45600152016,48827.82296395302,46985.45600152016,1833.3287415504456,4.129921436309815,0.0
137700,5.7533584,2.2282393,,,,,,,,,,,,,,
137800,5.3948874,2.2858443,,,,,,,,,,,,,,
137900,5.2720923,2.178106,,,,,,,,,,,,,,
138000,5.822371,2.2277005,,,,,,,,,,,,,,
138100,5.6955523,2.1617808,,,,,,,,,,,,,,
138200,5.966944,2.404881,,,,,,,,,,,,,,
138300,5.2401533,2.1699438,,,,,,,,,,,,,,
138400,5.9094033,2.247574,,,,,,,,,,,,,,
138500,5.3246045,2.228388,,,,,,,,,,,,,,
138600,5.141048,2.2662563,,,,,,,,,,,,,,
138700,6.568608,2.2276354,,,,,,,,,,,,,,
138800,5.1656733,2.2283528,,,,,,,,,,,,,,
138900,5.976668,2.2136664,,,,,,,,,,,,,,
139000,5.4597664,2.1941605,,,,,,,,,,,,,,
139100,5.758178,2.1683526,,,,,,,,,,,,,,
139155,,,0.8127590417861938,0.8161118030548096,0.7226200103759766,1.1972297430038452,50000.0,0.6013000011444092,1.8160260915756223,10000.0,47495.40481114388,49354.98560547829,47495.40481114388,1850.433179616928,4.185340881347656,0.0
139200,5.2820153,2.180572,,,,,,,,,,,,,,
139300,5.720665,2.1140199,,,,,,,,,,,,,,
139400,5.9784875,2.1373222,,,,,,,,,,,,,,
139500,6.7094646,2.2443173,,,,,,,,,,,,,,
139600,5.2783637,2.1973221,,,,,,,,,,,,,,
139700,5.6190796,2.1665092,,,,,,,,,,,,,,
139800,5.7112203,2.2666836,,,,,,,,,,,,,,
139900,6.141243,2.214884,,,,,,,,,,,,,,
140000,5.70566,2.1960151,,,,,,,,,,,,,,
140100,5.5703626,2.1534934,,,,,,,,,,,,,,
140200,6.6857147,2.152742,,,,,,,,,,,,,,
140300,5.4958463,2.1462605,,,,,,,,,,,,,,
140400,5.8197565,2.1874044,,,,,,,,,,,,,,
140500,6.993923,2.1390736,,,,,,,,,,,,,,
140600,6.4379635,2.137535,,,,,,,,,,,,,,
140653,,,0.809012234210968,0.8123148679733276,0.7226999998092651,1.1905800104141235,50000.0,0.5997000336647034,1.823255181312561,10000.0,48005.37795519829,49881.99931931496,48005.37795519829,1867.36494922638,4.240074634552002,0.0
140700,5.677704,2.1681037,,,,,,,,,,,,,,
140800,6.47264,2.1463368,,,,,,,,,,,,,,
140900,5.461335,2.207836,,,,,,,,,,,,,,
141000,6.142503,2.1926365,,,,,,,,,,,,,,
141100,5.4858074,2.2049203,,,,,,,,,,,,,,
141200,5.4900856,2.1403642,,,,,,,,,,,,,,
141300,5.3286934,2.1645586,,,,,,,,,,,,,,
141400,5.508396,2.2077682,,,,,,,,,,,,,,
141500,6.1410737,2.2641132,,,,,,,,,,,,,,
141600,5.982901,2.1231353,,,,,,,,,,,,,,
141700,5.880379,2.159354,,,,,,,,,,,,,,
141800,5.5309706,2.1024897,,,,,,,,,,,,,,
141900,6.6452813,2.2138186,,,,,,,,,,,,,,
142000,5.9045796,2.2241518,,,,,,,,,,,,,,
142100,6.297615,2.2061317,,,,,,,,,,,,,,
142151,,,0.8088926672935486,0.8270822763442993,0.7251600027084351,1.190821647644043,50000.0,0.598300039768219,1.8398613929748533,10000.0,48515.561928510666,50409.13048624992,48515.561928510666,1884.2009241580963,4.297112941741943,0.0
142200,5.4981675,2.1660957,,,,,,,,,,,,,,
142300,5.8959246,2.2116537,,,,,,,,,,,,,,
142400,5.6645346,2.2286158,,,,,,,,,,,,,,
142500,5.9162407,2.1648812,,,,,,,,,,,,,,
142600,6.0244884,2.194595,,,,,,,,,,,,,,
142700,5.1667643,2.1494918,,,,,,,,,,,,,,
142800,5.840877,2.164483,,,,,,,,,,,,,,
142900,6.0237417,2.1206307,,,,,,,,,,,,,,
143000,6.029083,2.24613,,,,,,,,,,,,,,
143100,5.792898,2.2257586,,,,,,,,,,,,,,
143200,6.2560344,2.1446714,,,,,,,,,,,,,,
143300,5.8482594,2.1440973,,,,,,,,,,,,,,
143400,6.6460066,2.1913607,,,,,,,,,,,,,,
143500,5.7753277,2.0898974,,,,,,,,,,,,,,
143600,6.090675,2.200881,,,,,,,,,,,,,,
143649,,,0.8459422588348389,0.6909538507461548,0.7282800078392029,1.1711448431015017,50000.0,0.6070000529289246,1.8103973865509035,10000.0,49025.61566519737,50936.450125455856,49025.61566519737,1901.3564875125885,4.353288650512695,0.0
143700,5.88066,2.1677442,,,,,,,,,,,,,,
143800,5.361541,2.1752381,,,,,,,,,,,,,,
143900,5.6625233,2.1689086,,,,,,,,,,,,,,
144000,5.8832674,2.1525288,,,,,,,,,,,,,,
144100,6.646496,2.16598,,,,,,,,,,,,,,
144200,5.7546134,2.124435,,,,,,,,,,,,,,
144300,5.7259893,2.0980406,,,,,,,,,,,,,,
144400,5.9777107,2.044541,,,,,,,,,,,,,,
144500,5.664341,2.1022906,,,,,,,,,,,,,,
144600,5.902863,2.125119,,,,,,,,,,,,,,
144700,6.5194187,2.1438136,,,,,,,,,,,,,,
144800,5.821744,2.1567626,,,,,,,,,,,,,,
144900,5.703367,2.0455875,,,,,,,,,,,,,,
145000,6.1688676,2.1429927,,,,,,,,,,,,,,
145100,5.9049335,2.0775995,,,,,,,,,,,,,,
145146,,,0.8373525142669678,0.7126216292381287,0.7282399535179138,1.1604564189910889,50000.0,0.6080000400543213,1.785507082939148,10000.0,49535.50733399391,51463.34318900108,49535.50733399391,1918.247772693634,4.409080743789673,0.0
145200,5.873201,2.1326413,,,,,,,,,,,,,,
145300,6.5398808,2.1681492,,,,,,,,,,,,,,
145400,6.307595,2.1315315,,,,,,,,,,,,,,
145500,6.9437604,2.1775498,,,,,,,,,,,,,,
145600,7.5228844,2.1392112,,,,,,,,,,,,,,
145700,7.739711,2.1598816,,,,,,,,,,,,,,
145800,5.810327,2.0644248,,,,,,,,,,,,,,
145900,6.0667768,2.1349883,,,,,,,,,,,,,,
146000,5.860369,2.06749,,,,,,,,,,,,,,
146100,5.937769,2.1125364,,,,,,,,,,,,,,
146200,6.2204366,2.1820107,,,,,,,,,,,,,,
146300,5.8470755,2.1289408,,,,,,,,,,,,,,
146400,5.933028,2.0117621,,,,,,,,,,,,,,
146500,5.767969,2.1151724,,,,,,,,,,,,,,
146600,5.6962867,2.082247,,,,,,,,,,,,,,
146644,,,0.8373923897743225,0.7179334163665771,0.7335599660873413,1.1518350839614868,50000.0,0.6137000322341919,1.7668232917785645,10000.0,50045.5780313015,51990.38124680519,50045.5780313015,1935.108351945877,4.461897611618042,0.0
146700,5.7635546,2.0912,,,,,,,,,,,,,,
146800,6.388813,2.137188,,,,,,,,,,,,,,
146900,5.914645,2.0280066,,,,,,,,,,,,,,
147000,6.857742,2.1031833,,,,,,,,,,,,,,
147100,6.1566825,2.1607273,,,,,,,,,,,,,,
147200,6.108351,2.106948,,,,,,,,,,,,,,
147300,6.58238,2.095908,,,,,,,,,,,,,,
147400,6.260323,2.122859,,,,,,,,,,,,,,
147500,6.373003,2.1776586,,,,,,,,,,,,,,
147600,6.248366,2.0575895,,,,,,,,,,,,,,
147700,7.0211177,2.1864877,,,,,,,,,,,,,,
147800,5.9105296,2.0957093,,,,,,,,,,,,,,
147900,6.341507,2.0635455,,,,,,,,,,,,,,
148000,6.0896287,2.1030793,,,,,,,,,,,,,,
148100,6.2006197,2.1285136,,,,,,,,,,,,,,
148142,,,0.8360570669174194,0.7234814763069153,0.7371000051498413,1.1453745365142822,50000.0,0.6166000366210938,1.7683994770050049,10000.0,50555.79503202438,52517.81117725372,50555.79503202438,1952.212537765503,4.5167436599731445,0.0
148200,6.4280677,2.0642319,,,,,,,,,,,,,,
148300,6.8315344,2.1312444,,,,,,,,,,,,,,
148400,6.32118,2.0287197,,,,,,,,,,,,,,
148500,5.743839,2.1034627,,,,,,,,,,,,,,
148600,6.5200458,2.1104493,,,,,,,,,,,,,,
148700,7.3879094,2.138684,,,,,,,,,,,,,,
148800,6.302354,2.0441554,,,,,,,,,,,,,,
148900,6.500474,2.0693781,,,,,,,,,,,,,,
149000,5.9880595,2.1121273,,,,,,,,,,,,,,
149100,6.771396,2.1299229,,,,,,,,,,,,,,
149200,6.771013,2.1231444,,,,,,,,,,,,,,
149300,6.5436378,2.1808283,,,,,,,,,,,,,,
149400,7.5035377,2.14674,,,,,,,,,,,,,,
149500,6.306764,2.0085325,,,,,,,,,,,,,,
149600,6.8748617,2.1148074,,,,,,,,,,,,,,
149640,,,0.83597731590271,0.7117831110954285,0.7377199530601501,1.1384587287902832,50000.0,0.6104000210762024,1.7779793739318848,10000.0,51065.73360848427,53045.05137300491,51065.73360848427,1969.4039080142973,4.572816848754883,0.0
149700,6.0371084,2.074553,,,,,,,,,,,,,,
149800,6.9818187,2.0783079,,,,,,,,,,,,,,
149900,5.6885977,2.068849,,,,,,,,,,,,,,
150000,6.0217514,2.092163,,,,,,,,,,,,,,
150100,7.267676,2.1017277,,,,,,,,,,,,,,
150200,7.0924172,1.9921061,,,,,,,,,,,,,,
150300,6.69164,2.1502683,,,,,,,,,,,,,,
150400,6.899915,2.0994241,,,,,,,,,,,,,,
150500,6.739917,2.0552456,,,,,,,,,,,,,,
150600,6.8902187,2.079804,,,,,,,,,,,,,,
150700,6.005065,2.0669158,,,,,,,,,,,,,,
150800,5.7259893,2.0523226,,,,,,,,,,,,,,
150900,6.913949,2.0476353,,,,,,,,,,,,,,
151000,6.2858224,2.1108403,,,,,,,,,,,,,,
151100,6.8913474,2.001788,,,,,,,,,,,,,,
151138,,,0.8405413031578064,0.7133278846740723,0.7393199801445007,1.1344090700149536,50000.0,0.6137000322341919,1.7780990600585938,10000.0,51575.72943353653,53572.77164936066,51575.72943353653,1987.0198321342468,4.627417325973511,0.0
151200,6.223736,2.0260992,,,,,,,,,,,,,,
151300,7.492099,2.1244695,,,,,,,,,,,,,,
151400,7.0482144,2.0245862,,,,,,,,,,,,,,
151500,6.5223455,2.0991867,,,,,,,,,,,,,,
151600,6.5292106,2.1000056,,,,,,,,,,,,,,
151700,6.757841,2.1144607,,,,,,,,,,,,,,
151800,7.216198,2.0575047,,,,,,,,,,,,,,
151900,5.9486017,2.0360496,,,,,,,,,,,,,,
152000,6.015522,2.0442367,,,,,,,,,,,,,,
152100,6.772726,2.1184108,,,,,,,,,,,,,,
152200,7.415093,2.0729527,,,,,,,,,,,,,,
152300,5.973338,1.920539,,,,,,,,,,,,,,
152400,6.9637475,2.1002162,,,,,,,,,,,,,,
152500,6.9107895,2.091905,,,,,,,,,,,,,,
152600,6.5697,2.0165083,,,,,,,,,,,,,,
152636,,,0.8513830900192261,0.6621523499488831,0.7426799535751343,1.1152098178863523,50000.0,0.6221000552177429,1.737104415893555,10000.0,52085.95177221298,54100.05595254898,52085.95177221298,2003.970025062561,4.685006618499756,0.0
152700,6.5082397,2.0288064,,,,,,,,,,,,,,
152800,7.2041726,2.072906,,,,,,,,,,,,,,
152900,7.258619,2.1518283,,,,,,,,,,,,,,
153000,6.786281,2.000648,,,,,,,,,,,,,,
153100,6.8351283,2.0390112,,,,,,,,,,,,,,
153200,6.735068,2.101973,,,,,,,,,,,,,,
153300,6.244385,2.0238383,,,,,,,,,,,,,,
153400,6.2994704,2.0377257,,,,,,,,,,,,,,
153500,7.1950226,2.1160862,,,,,,,,,,,,,,
153600,6.6016784,2.0243685,,,,,,,,,,,,,,
153700,6.9230704,2.0148444,,,,,,,,,,,,,,
153800,6.579901,2.0362997,,,,,,,,,,,,,,
153900,6.92504,1.9769914,,,,,,,,,,,,,,
154000,6.3685126,2.011481,,,,,,,,,,,,,,
154100,7.003195,2.037831,,,,,,,,,,,,,,
154134,,,0.8674266338348389,0.6075014472007751,0.7460399866104126,1.1048327684402466,50000.0,0.6219000220298767,1.7223972082138062,10000.0,52596.00130462647,54627.27667951584,52596.00130462647,2021.028964042664,4.743057012557983,0.0
154200,6.2690253,2.0340195,,,,,,,,,,,,,,
154300,7.070204,2.080874,,,,,,,,,,,,,,
154400,6.8950834,2.0180278,,,,,,,,,,,,,,
154500,6.9011273,2.053707,,,,,,,,,,,,,,
154600,6.490347,2.038379,,,,,,,,,,,,,,
154700,6.365869,2.0390918,,,,,,,,,,,,,,
154800,6.729786,2.0322428,,,,,,,,,,,,,,
154900,6.7540116,1.9788171,,,,,,,,,,,,,,
155000,7.563378,1.989081,,,,,,,,,,,,,,
155100,6.3490715,1.9891548,,,,,,,,,,,,,,
155200,6.8504047,1.9524986,,,,,,,,,,,,,,
155300,6.8195953,1.9536703,,,,,,,,,,,,,,
155400,7.6662045,2.0295358,,,,,,,,,,,,,,
155500,7.415186,2.0055583,,,,,,,,,,,,,,
155600,7.1999187,2.0134552,,,,,,,,,,,,,,
155632,,,0.8605906963348389,0.623211145401001,0.7483400106430054,1.095469951629639,50000.0,0.6239000558853149,1.7201143503189087,10000.0,53106.190376996994,55154.68581700325,53106.190376996994,2038.1338891983032,4.8042590618133545,0.0
155700,7.554055,2.0358052,,,,,,,,,,,,,,
155800,6.039337,1.9741954,,,,,,,,,,,,,,
155900,6.6395564,1.998092,,,,,,,,,,,,,,
156000,7.143086,2.000933,,,,,,,,,,,,,,
156100,6.956398,2.0338893,,,,,,,,,,,,,,
156200,6.460266,2.0383496,,,,,,,,,,,,,,
156300,8.105509,2.0926695,,,,,,,,,,,,,,
156400,7.036148,1.952807,,,,,,,,,,,,,,
156500,6.6072326,1.9228562,,,,,,,,,,,,,,
156600,6.5956116,1.9545155,,,,,,,,,,,,,,
156700,7.1016607,2.0307045,,,,,,,,,,,,,,
156800,8.397852,2.000223,,,,,,,,,,,,,,
156900,6.7263117,2.0300975,,,,,,,,,,,,,,
157000,6.8030977,2.054801,,,,,,,,,,,,,,
157100,7.5942216,1.9567801,,,,,,,,,,,,,,
157131,,,0.8678650856018066,0.6028515696525574,0.7505799531936646,1.084175705909729,50000.0,0.6224000453948975,1.7063430547714231,10000.0,53616.32620096207,55681.7959728241,53616.32620096207,2054.9995152950287,4.858455181121826,0.0
157200,6.281372,2.004889,,,,,,,,,,,,,,
157300,6.8991494,1.9783742,,,,,,,,,,,,,,
157400,6.8533473,1.9915509,,,,,,,,,,,,,,
157500,7.6153717,1.9634428,,,,,,,,,,,,,,
157600,7.311802,2.0516326,,,,,,,,,,,,,,
157700,8.052954,2.071624,,,,,,,,,,,,,,
157800,6.6121526,2.0467741,,,,,,,,,,,,,,
157900,6.9429173,1.991775,,,,,,,,,,,,,,
158000,6.5398784,1.9441144,,,,,,,,,,,,,,
158100,7.136336,1.9799682,,,,,,,,,,,,,,
158200,7.7166843,2.00381,,,,,,,,,,,,,,
158300,8.485979,1.9549091,,,,,,,,,,,,,,
158400,7.3382554,1.9755276,,,,,,,,,,,,,,
158500,6.9466605,2.0087898,,,,,,,,,,,,,,
158600,7.5443697,1.9467932,,,,,,,,,,,,,,
158629,,,0.8659518361091614,0.6030893921852112,0.7498199939727783,1.08356773853302,50000.0,0.6330000162124634,1.6932041645050049,10000.0,54126.43642830849,56209.16551756859,54126.43642830849,2072.148487329483,4.914306163787842,0.0
158700,6.514266,1.9843013,,,,,,,,,,,,,,
158800,6.4356375,2.0211341,,,,,,,,,,,,,,
158900,7.414793,1.9720547,,,,,,,,,,,,,,
159000,6.844281,2.016759,,,,,,,,,,,,,,
159100,7.626757,2.0086255,,,,,,,,,,,,,,
159200,7.0639515,1.9799017,,,,,,,,,,,,,,
159300,7.6789966,1.9538121,,,,,,,,,,,,,,
159400,6.8543673,1.9720013,,,,,,,,,,,,,,
159500,6.952175,1.9987948,,,,,,,,,,,,,,
159600,7.0202756,1.9540894,,,,,,,,,,,,,,
159700,6.5203786,1.9312783,,,,,,,,,,,,,,
159800,7.0138187,1.982966,,,,,,,,,,,,,,
159900,8.848162,2.0305114,,,,,,,,,,,,,,
160000,7.850466,1.9755127,,,,,,,,,,,,,,
160100,6.7392063,1.9570289,,,,,,,,,,,,,,
160127,,,0.8665497303009033,0.605211079120636,0.7525399923324585,1.079216718673706,50000.0,0.6318000555038452,1.7039686441421509,10000.0,54636.40852308273,56736.1924469471,54636.40852308273,2089.0931611061096,4.969777822494507,0.0
160200,6.5933075,1.9068999,,,,,,,,,,,,,,
160300,6.6011395,1.9588116,,,,,,,,,,,,,,
160400,6.7757654,1.9689673,,,,,,,,,,,,,,
160500,7.1572742,1.9590981,,,,,,,,,,,,,,
160600,6.376307,1.8372284,,,,,,,,,,,,,,
160700,7.0810456,1.9515936,,,,,,,,,,,,,,
160800,6.918099,1.989152,,,,,,,,,,,,,,
160900,7.475018,2.0446804,,,,,,,,,,,,,,
161000,7.091514,1.9713081,,,,,,,,,,,,,,
161100,7.345966,2.0049639,,,,,,,,,,,,,,
161200,7.065073,1.9458926,,,,,,,,,,,,,,
161300,7.798877,1.9830579,,,,,,,,,,,,,,
161400,7.082384,1.9458435,,,,,,,,,,,,,,
161500,6.62923,1.850315,,,,,,,,,,,,,,
161600,6.8835626,1.8820696,,,,,,,,,,,,,,
161625,,,0.8719706535339355,0.5853265523910522,0.7529999613761902,1.0744633674621582,50000.0,0.6324000358581543,1.6837610006332395,10000.0,55146.59546136856,57263.44925284386,55146.59546136856,2106.051258563996,5.02753472328186,0.0
161700,6.833844,1.9516246,,,,,,,,,,,,,,
161800,7.2672067,1.8505836,,,,,,,,,,,,,,
161900,6.9512796,1.9532484,,,,,,,,,,,,,,
162000,6.9865494,1.9546753,,,,,,,,,,,,,,
162100,7.361411,1.9509969,,,,,,,,,,,,,,
162200,7.589001,1.9986858,,,,,,,,,,,,,,
162300,7.355465,1.936282,,,,,,,,,,,,,,
162400,7.5296783,1.949512,,,,,,,,,,,,,,
162500,7.738474,1.8603753,,,,,,,,,,,,,,
162600,6.4979014,2.0024183,,,,,,,,,,,,,,
162700,7.5792675,1.9307771,,,,,,,,,,,,,,
162800,7.5353565,1.8908955,,,,,,,,,,,,,,
162900,7.1731367,1.892161,,,,,,,,,,,,,,
163000,7.628683,2.0086417,,,,,,,,,,,,,,
163100,7.259454,1.9120607,,,,,,,,,,,,,,
163122,,,0.892598032951355,0.5125229954719543,0.755840003490448,1.0642845630645752,50000.0,0.6366000175476074,1.670889377593994,10000.0,55656.4922876358,57790.37120199204,55656.4922876358,2122.9648537635803,5.085322856903076,0.0
163200,7.518319,1.9360038,,,,,,,,,,,,,,
163300,8.05651,1.9563794,,,,,,,,,,,,,,
163400,7.4977827,1.9473224,,,,,,,,,,,,,,
163500,7.9596963,2.026688,,,,,,,,,,,,,,
163600,6.738094,1.9205072,,,,,,,,,,,,,,
163700,8.254803,1.9494708,,,,,,,,,,,,,,
163800,6.9597597,1.9398276,,,,,,,,,,,,,,
163900,7.3143725,1.9056286,,,,,,,,,,,,,,
164000,7.6310587,1.9756218,,,,,,,,,,,,,,
164100,7.1981826,1.8446811,,,,,,,,,,,,,,
164200,7.1524315,1.9327585,,,,,,,,,,,,,,
164300,6.962746,1.9032148,,,,,,,,,,,,,,
164400,7.289657,1.9239078,,,,,,,,,,,,,,
164500,7.496439,1.9529386,,,,,,,,,,,,,,
164600,6.870077,1.8819814,,,,,,,,,,,,,,
164620,,,0.8896284699440002,0.5216121077537537,0.7578399777412415,1.05738627910614,50000.0,0.6343000531196594,1.6860283613204956,10000.0,56166.56852936745,58317.57184386253,56166.56852936745,2139.971756696701,5.1491405963897705,0.0
164700,7.1343193,1.9785622,,,,,,,,,,,,,,
164800,7.748762,1.9759207,,,,,,,,,,,,,,
164900,7.633509,1.8790684,,,,,,,,,,,,,,
165000,7.5760136,1.8816888,,,,,,,,,,,,,,
165100,7.0758595,1.9294093,,,,,,,,,,,,,,
165200,7.462296,1.8956095,,,,,,,,,,,,,,
165300,7.6514955,1.8778583,,,,,,,,,,,,,,
165400,7.175443,1.8714575,,,,,,,,,,,,,,
165500,7.4122972,1.9300834,,,,,,,,,,,,,,
165600,7.383727,1.8971192,,,,,,,,,,,,,,
165700,7.2700996,1.9082818,,,,,,,,,,,,,,
165800,8.633402,1.9044042,,,,,,,,,,,,,,
165900,7.7194567,1.8836192,,,,,,,,,,,,,,
166000,7.3074403,1.9922277,,,,,,,,,,,,,,
166100,7.372803,1.8857157,,,,,,,,,,,,,,
166117,,,0.8903858065605164,0.5115669965744019,0.7592399716377258,1.0464673042297363,50000.0,0.6409000158309937,1.6496635675430298,10000.0,56676.4951198101,58844.61042618752,56676.4951198101,2156.9687049388885,5.210126638412476,0.0
166200,7.799861,1.9210759,,,,,,,,,,,,,,
166300,6.860295,1.8696367,,,,,,,,,,,,,,
166400,7.047974,1.8978324,,,,,,,,,,,,,,
166500,7.9549184,1.9107016,,,,,,,,,,,,,,
166600,8.361965,1.8729229,,,,,,,,,,,,,,
166700,7.464308,1.8173666,,,,,,,,,,,,,,
166800,7.9324765,1.9845974,,,,,,,,,,,,,,
166900,7.6505885,1.9197077,,,,,,,,,,,,,,
167000,6.752244,1.858133,,,,,,,,,,,,,,
167100,9.616946,1.9666703,,,,,,,,,,,,,,
167200,8.07845,1.9181244,,,,,,,,,,,,,,
167300,8.012179,1.873072,,,,,,,,,,,,,,
167400,7.63406,1.8976564,,,,,,,,,,,,,,
167500,7.3984556,1.8291324,,,,,,,,,,,,,,
167600,7.1536202,1.8929093,,,,,,,,,,,,,,
167614,,,0.8912826776504517,0.5025920867919922,0.759880006313324,1.041330099105835,50000.0,0.6406000256538391,1.65355122089386,10000.0,57186.40075850487,59371.51581573486,57186.40075850487,2173.851087808609,5.27338981628418,0.0
167700,8.020237,1.8987238,,,,,,,,,,,,,,
167800,8.268056,1.9265416,,,,,,,,,,,,,,
167900,7.703836,1.8807914,,,,,,,,,,,,,,
168000,7.6267843,1.8101927,,,,,,,,,,,,,,
168100,8.16934,1.8695949,,,,,,,,,,,,,,
168200,7.7038307,1.8939632,,,,,,,,,,,,,,
168300,7.3687286,1.843955,,,,,,,,,,,,,,
168400,7.968815,1.8574836,,,,,,,,,,,,,,
168500,8.045748,1.9402338,,,,,,,,,,,,,,
168600,7.4490643,1.8581631,,,,,,,,,,,,,,
168700,7.782595,1.8788935,,,,,,,,,,,,,,
168800,7.4536037,1.8600134,,,,,,,,,,,,,,
168900,7.540766,1.8925812,,,,,,,,,,,,,,
169000,7.2356424,1.8106122,,,,,,,,,,,,,,
169100,8.270263,1.881181,,,,,,,,,,,,,,
169111,,,0.8954480290412903,0.4962616562843323,0.762779951095581,1.0339101552963257,50000.0,0.6391000151634216,1.6451352834701538,10000.0,57696.38219189644,59898.73278141022,57696.38219189644,2190.9674286842346,5.338871717453003,0.0
169200,7.999057,1.8392274,,,,,,,,,,,,,,
169300,8.120421,1.9187326,,,,,,,,,,,,,,
169400,8.049373,1.8995373,,,,,,,,,,,,,,
169500,8.007905,1.9018284,,,,,,,,,,,,,,
169600,7.3775373,1.8469644,,,,,,,,,,,,,,
169700,8.044833,1.8550457,,,,,,,,,,,,,,
169800,8.755361,1.9381988,,,,,,,,,,,,,,
169900,8.115366,1.8798244,,,,,,,,,,,,,,
170000,8.362155,1.873327,,,,,,,,,,,,,,
170100,7.5014086,1.8495595,,,,,,,,,,,,,,
170200,8.373266,1.9272249,,,,,,,,,,,,,,
170300,7.242891,1.8362339,,,,,,,,,,,,,,
170400,8.295971,1.8693725,,,,,,,,,,,,,,
170500,7.3815155,1.8652749,,,,,,,,,,,,,,
170600,7.944947,1.8878399,,,,,,,,,,,,,,
170609,,,0.8977997303009033,0.4937745928764343,0.7612400054931641,1.0352109670639038,50000.0,0.6413000226020813,1.6461760997772217,10000.0,58206.47764277458,60426.0498316288,58206.47764277458,2208.078022003174,5.395840644836426,0.0
170700,8.076625,1.8512588,,,,,,,,,,,,,,
170800,7.7480874,1.8903825,,,,,,,,,,,,,,
170900,9.1543665,1.8569062,,,,,,,,,,,,,,
171000,7.099597,1.8301369,,,,,,,,,,,,,,
171100,8.413448,1.8636625,,,,,,,,,,,,,,
171200,8.235586,1.8587667,,,,,,,,,,,,,,
171300,8.076857,1.8618084,,,,,,,,,,,,,,
171400,7.781725,1.8508053,,,,,,,,,,,,,,
171500,7.697058,1.9245666,,,,,,,,,,,,,,
171600,7.5119715,1.7712582,,,,,,,,,,,,,,
171700,8.569804,1.830575,,,,,,,,,,,,,,
171800,7.6723714,1.8849624,,,,,,,,,,,,,,
171900,8.0043335,1.8780088,,,,,,,,,,,,,,
172000,8.497428,1.874453,,,,,,,,,,,,,,
172100,8.26247,1.8987932,,,,,,,,,,,,,,
172107,,,0.9081233739852904,0.4519936740398407,0.7641199827194214,1.0252645015716553,50000.0,0.6437000036239624,1.637118577957153,10000.0,58716.517587184906,60953.32887029648,58716.517587184906,2225.202694892884,5.455883979797363,0.0
172200,8.094031,1.8778305,,,,,,,,,,,,,,
172300,7.7592335,1.8223057,,,,,,,,,,,,,,
172400,7.9868784,1.8703163,,,,,,,,,,,,,,
172500,8.40721,1.8501679,,,,,,,,,,,,,,
172600,8.537171,1.8573782,,,,,,,,,,,,,,
172700,8.638623,1.8811421,,,,,,,,,,,,,,
172800,7.5635977,1.8363922,,,,,,,,,,,,,,
172900,8.477298,1.7865347,,,,,,,,,,,,,,
173000,8.378508,1.8698139,,,,,,,,,,,,,,
173100,7.2976046,1.8965466,,,,,,,,,,,,,,
173200,7.8515816,1.8530021,,,,,,,,,,,,,,
173300,8.606419,1.9005991,,,,,,,,,,,,,,
173400,8.475687,1.843617,,,,,,,,,,,,,,
173500,8.31024,1.8158833,,,,,,,,,,,,,,
173600,8.384902,1.8260692,,,,,,,,,,,,,,
173604,,,0.9093590378761292,0.4518325924873352,0.7656199932098389,1.0234366655349731,50000.0,0.6443000435829163,1.6352815628051758,10000.0,59226.73711776733,61480.67955255509,59226.73711776733,2242.2167909145355,5.51947808265686,0.0
173604,,,,,,,,,,,59226.737117767334,,,,,0.0
